order_id,date,customer_id,product_id,quantity,unit_price,revenue
ORD-00378,2025-01-01,CUS-0203,PRD-028,1,425.59,425.59
ORD-01448,2025-01-01,CUS-0245,PRD-028,2,425.59,851.18
ORD-01572,2025-01-01,CUS-0155,PRD-033,2,10.51,21.02
ORD-01637,2025-01-01,CUS-0043,PRD-010,4,13.11,52.44
ORD-00141,2025-01-02,CUS-0306,PRD-021,1,198.7,198.7
ORD-00242,2025-01-02,CUS-0332,PRD-026,5,98.58,492.9
ORD-00349,2025-01-02,CUS-0061,PRD-012,1,94.32,94.32
ORD-01005,2025-01-02,CUS-0373,PRD-032,2,70.79,141.58
ORD-00068,2025-01-03,CUS-0294,PRD-005,3,19.22,57.66
ORD-01269,2025-01-03,CUS-0186,PRD-026,8,98.58,788.64
ORD-01302,2025-01-03,CUS-0350,PRD-018,6,110.62,663.72
ORD-01582,2025-01-03,CUS-0233,PRD-035,2,26.07,52.14
ORD-01938,2025-01-03,CUS-0115,PRD-028,1,425.59,425.59
ORD-00314,2025-01-04,CUS-0390,PRD-004,1,28.11,28.11
ORD-00821,2025-01-04,CUS-0060,PRD-018,1,110.62,110.62
ORD-00898,2025-01-04,CUS-0296,PRD-016,5,131.25,656.25
ORD-01196,2025-01-04,CUS-0140,PRD-028,1,425.59,425.59
ORD-01864,2025-01-04,CUS-0130,PRD-019,1,51.1,51.1
ORD-00651,2025-01-05,CUS-0211,PRD-020,8,128.49,1027.92
ORD-00863,2025-01-05,CUS-0295,PRD-001,3,19.27,57.81
ORD-01066,2025-01-05,CUS-0081,PRD-033,3,10.51,31.53
ORD-01341,2025-01-05,CUS-0196,PRD-005,1,19.22,19.22
ORD-01442,2025-01-05,CUS-0210,PRD-035,1,26.07,26.07
ORD-00483,2025-01-06,CUS-0153,PRD-030,1,436.33,436.33
ORD-00942,2025-01-06,CUS-0360,PRD-026,3,98.58,295.74
ORD-00044,2025-01-07,CUS-0154,PRD-005,2,19.22,38.44
ORD-00463,2025-01-07,CUS-0281,PRD-001,5,19.27,96.35
ORD-00955,2025-01-07,CUS-0147,PRD-020,5,128.49,642.45
ORD-01084,2025-01-07,CUS-0015,PRD-026,4,98.58,394.32
ORD-01820,2025-01-07,CUS-0199,PRD-001,3,19.27,57.81
ORD-01855,2025-01-07,CUS-0102,PRD-017,5,69.39,346.95
ORD-01976,2025-01-07,CUS-0101,PRD-029,8,106.8,854.4
ORD-00016,2025-01-08,CUS-0336,PRD-023,5,136.35,681.75
ORD-00431,2025-01-08,CUS-0387,PRD-025,1,88.05,88.05
ORD-01932,2025-01-08,CUS-0209,PRD-030,3,436.33,1308.99
ORD-00034,2025-01-09,CUS-0107,PRD-040,2,19.49,38.98
ORD-00089,2025-01-09,CUS-0299,PRD-018,2,110.62,221.24
ORD-00414,2025-01-09,CUS-0394,PRD-010,2,13.11,26.22
ORD-00897,2025-01-09,CUS-0174,PRD-020,2,128.49,256.98
ORD-01441,2025-01-09,CUS-0003,PRD-017,3,69.39,208.17
ORD-01653,2025-01-09,CUS-0262,PRD-039,2,17.91,35.82
ORD-01957,2025-01-09,CUS-0348,PRD-030,3,436.33,1308.99
ORD-01474,2025-01-10,CUS-0337,PRD-012,1,94.32,94.32
ORD-00015,2025-01-11,CUS-0117,PRD-029,1,106.8,106.8
ORD-00111,2025-01-11,CUS-0060,PRD-030,3,436.33,1308.99
ORD-00328,2025-01-11,CUS-0082,PRD-010,1,13.11,13.11
ORD-00425,2025-01-11,CUS-0122,PRD-036,3,10.53,31.59
ORD-00609,2025-01-11,CUS-0379,PRD-027,4,408.78,1635.12
ORD-00865,2025-01-11,CUS-0043,PRD-008,2,16.08,32.16
ORD-01733,2025-01-11,CUS-0338,PRD-012,10,94.32,943.2
ORD-01829,2025-01-11,CUS-0069,PRD-020,3,128.49,385.47
ORD-00450,2025-01-12,CUS-0046,PRD-028,1,425.59,425.59
ORD-01130,2025-01-12,CUS-0045,PRD-023,4,136.35,545.4
ORD-01257,2025-01-12,CUS-0010,PRD-026,2,98.58,197.16
ORD-01279,2025-01-12,CUS-0174,PRD-023,3,136.35,409.05
ORD-01385,2025-01-12,CUS-0224,PRD-026,5,98.58,492.9
ORD-00882,2025-01-13,CUS-0008,PRD-025,4,88.05,352.2
ORD-01682,2025-01-13,CUS-0296,PRD-024,3,260.78,782.34
ORD-01883,2025-01-13,CUS-0112,PRD-028,10,425.59,4255.9
ORD-01966,2025-01-13,CUS-0257,PRD-023,2,136.35,272.7
ORD-00433,2025-01-14,CUS-0285,PRD-013,1,69.91,69.91
ORD-00762,2025-01-14,CUS-0078,PRD-003,8,9.61,76.88
ORD-01151,2025-01-14,CUS-0011,PRD-026,1,98.58,98.58
ORD-01839,2025-01-14,CUS-0144,PRD-014,5,164.13,820.65
ORD-00095,2025-01-15,CUS-0003,PRD-001,6,19.27,115.62
ORD-00428,2025-01-15,CUS-0056,PRD-002,10,35.33,353.3
ORD-00496,2025-01-15,CUS-0207,PRD-003,6,9.61,57.66
ORD-00946,2025-01-15,CUS-0177,PRD-003,1,9.61,9.61
ORD-00991,2025-01-15,CUS-0042,PRD-007,5,10.68,53.4
ORD-01909,2025-01-15,CUS-0272,PRD-035,6,26.07,156.42
ORD-01971,2025-01-15,CUS-0273,PRD-026,5,98.58,492.9
ORD-00751,2025-01-16,CUS-0018,PRD-036,1,10.53,10.53
ORD-00984,2025-01-16,CUS-0138,PRD-028,5,425.59,2127.95
ORD-01239,2025-01-16,CUS-0212,PRD-004,8,28.11,224.88
ORD-00784,2025-01-17,CUS-0313,PRD-027,1,408.78,408.78
ORD-01111,2025-01-17,CUS-0158,PRD-030,3,436.33,1308.99
ORD-01254,2025-01-17,CUS-0175,PRD-004,6,28.11,168.66
ORD-01919,2025-01-17,CUS-0245,PRD-024,1,260.78,260.78
ORD-00592,2025-01-18,CUS-0357,PRD-002,8,35.33,282.64
ORD-01429,2025-01-18,CUS-0157,PRD-012,3,94.32,282.96
ORD-01503,2025-01-18,CUS-0364,PRD-001,2,19.27,38.54
ORD-01606,2025-01-18,CUS-0074,PRD-020,5,128.49,642.45
ORD-00560,2025-01-19,CUS-0395,PRD-012,2,94.32,188.64
ORD-00671,2025-01-19,CUS-0208,PRD-016,8,131.25,1050.0
ORD-00747,2025-01-19,CUS-0394,PRD-040,6,19.49,116.94
ORD-00977,2025-01-19,CUS-0375,PRD-012,5,94.32,471.6
ORD-00990,2025-01-19,CUS-0004,PRD-028,1,425.59,425.59
ORD-01185,2025-01-19,CUS-0204,PRD-026,1,98.58,98.58
ORD-01894,2025-01-19,CUS-0032,PRD-004,1,28.11,28.11
ORD-01910,2025-01-19,CUS-0236,PRD-002,1,35.33,35.33
ORD-00276,2025-01-20,CUS-0061,PRD-012,1,94.32,94.32
ORD-01358,2025-01-20,CUS-0289,PRD-009,2,10.5,21.0
ORD-01888,2025-01-20,CUS-0319,PRD-031,3,16.59,49.77
ORD-01945,2025-01-20,CUS-0279,PRD-024,1,260.78,260.78
ORD-00043,2025-01-21,CUS-0028,PRD-031,3,16.59,49.77
ORD-00362,2025-01-21,CUS-0102,PRD-029,2,106.8,213.6
ORD-00412,2025-01-21,CUS-0355,PRD-040,3,19.49,58.47
ORD-00447,2025-01-21,CUS-0101,PRD-036,5,10.53,52.65
ORD-00917,2025-01-21,CUS-0306,PRD-028,4,425.59,1702.36
ORD-00980,2025-01-21,CUS-0108,PRD-004,3,28.11,84.33
ORD-01581,2025-01-21,CUS-0393,PRD-011,4,154.66,618.64
ORD-01681,2025-01-21,CUS-0028,PRD-028,5,425.59,2127.95
ORD-00056,2025-01-22,CUS-0199,PRD-024,3,260.78,782.34
ORD-00202,2025-01-22,CUS-0073,PRD-029,3,106.8,320.4
ORD-00552,2025-01-22,CUS-0223,PRD-012,2,94.32,188.64
ORD-00901,2025-01-22,CUS-0232,PRD-035,3,26.07,78.21
ORD-00020,2025-01-23,CUS-0381,PRD-037,3,55.4,166.2
ORD-01085,2025-01-23,CUS-0377,PRD-012,1,94.32,94.32
ORD-01401,2025-01-23,CUS-0129,PRD-026,3,98.58,295.74
ORD-01732,2025-01-23,CUS-0220,PRD-020,3,128.49,385.47
ORD-00254,2025-01-24,CUS-0059,PRD-012,3,94.32,282.96
ORD-00394,2025-01-24,CUS-0103,PRD-014,2,164.13,328.26
ORD-00632,2025-01-24,CUS-0258,PRD-028,3,425.59,1276.77
ORD-00845,2025-01-24,CUS-0350,PRD-011,3,154.66,463.98
ORD-01132,2025-01-24,CUS-0215,PRD-004,2,28.11,56.22
ORD-01181,2025-01-24,CUS-0370,PRD-032,6,70.79,424.74
ORD-01627,2025-01-24,CUS-0215,PRD-019,3,51.1,153.3
ORD-00117,2025-01-25,CUS-0092,PRD-012,2,94.32,188.64
ORD-00317,2025-01-25,CUS-0193,PRD-012,2,94.32,188.64
ORD-00114,2025-01-26,CUS-0367,PRD-003,5,9.61,48.05
ORD-00280,2025-01-26,CUS-0369,PRD-029,1,106.8,106.8
ORD-00827,2025-01-26,CUS-0249,PRD-012,4,94.32,377.28
ORD-00846,2025-01-26,CUS-0169,PRD-029,3,106.8,320.4
ORD-01169,2025-01-26,CUS-0242,PRD-004,1,28.11,28.11
ORD-00667,2025-01-27,CUS-0212,PRD-012,1,94.32,94.32
ORD-00752,2025-01-27,CUS-0225,PRD-017,4,69.39,277.56
ORD-01650,2025-01-27,CUS-0267,PRD-001,2,19.27,38.54
ORD-01761,2025-01-27,CUS-0297,PRD-024,5,260.78,1303.9
ORD-01835,2025-01-27,CUS-0256,PRD-030,1,436.33,436.33
ORD-01869,2025-01-27,CUS-0027,PRD-017,3,69.39,208.17
ORD-00987,2025-01-28,CUS-0202,PRD-010,1,13.11,13.11
ORD-01611,2025-01-28,CUS-0248,PRD-018,3,110.62,331.86
ORD-00066,2025-01-29,CUS-0339,PRD-019,3,51.1,153.3
ORD-00459,2025-01-29,CUS-0227,PRD-010,8,13.11,104.88
ORD-00944,2025-01-29,CUS-0164,PRD-010,1,13.11,13.11
ORD-00979,2025-01-29,CUS-0087,PRD-039,1,17.91,17.91
ORD-01754,2025-01-29,CUS-0064,PRD-020,2,128.49,256.98
ORD-00272,2025-01-30,CUS-0114,PRD-026,2,98.58,197.16
ORD-00783,2025-01-30,CUS-0101,PRD-033,5,10.51,52.55
ORD-01262,2025-01-30,CUS-0075,PRD-003,2,9.61,19.22
ORD-00391,2025-01-31,CUS-0367,PRD-014,1,164.13,164.13
ORD-00896,2025-01-31,CUS-0356,PRD-024,4,260.78,1043.12
ORD-00250,2025-02-01,CUS-0064,PRD-036,2,10.53,21.06
ORD-00513,2025-02-01,CUS-0098,PRD-001,1,19.27,19.27
ORD-00655,2025-02-01,CUS-0251,PRD-032,2,70.79,141.58
ORD-01311,2025-02-01,CUS-0117,PRD-038,1,31.77,31.77
ORD-01859,2025-02-01,CUS-0018,PRD-012,6,94.32,565.92
ORD-00959,2025-02-02,CUS-0233,PRD-014,2,164.13,328.26
ORD-01435,2025-02-02,CUS-0336,PRD-026,2,98.58,197.16
ORD-01544,2025-02-02,CUS-0278,PRD-008,2,16.08,32.16
ORD-01344,2025-02-03,CUS-0191,PRD-028,4,425.59,1702.36
ORD-01518,2025-02-03,CUS-0080,PRD-024,2,260.78,521.56
ORD-00138,2025-02-04,CUS-0280,PRD-030,4,436.33,1745.32
ORD-01043,2025-02-04,CUS-0246,PRD-012,1,94.32,94.32
ORD-01408,2025-02-04,CUS-0194,PRD-017,8,69.39,555.12
ORD-01768,2025-02-04,CUS-0185,PRD-012,3,94.32,282.96
ORD-01814,2025-02-04,CUS-0012,PRD-008,10,16.08,160.8
ORD-00128,2025-02-05,CUS-0188,PRD-033,4,10.51,42.04
ORD-00465,2025-02-05,CUS-0221,PRD-010,1,13.11,13.11
ORD-01017,2025-02-05,CUS-0277,PRD-029,4,106.8,427.2
ORD-01584,2025-02-05,CUS-0261,PRD-019,3,51.1,153.3
ORD-01778,2025-02-05,CUS-0385,PRD-008,2,16.08,32.16
ORD-00120,2025-02-06,CUS-0061,PRD-020,4,128.49,513.96
ORD-00763,2025-02-06,CUS-0188,PRD-024,6,260.78,1564.68
ORD-01206,2025-02-06,CUS-0241,PRD-025,4,88.05,352.2
ORD-01588,2025-02-06,CUS-0013,PRD-006,3,24.5,73.5
ORD-00342,2025-02-07,CUS-0173,PRD-017,2,69.39,138.78
ORD-00390,2025-02-07,CUS-0106,PRD-028,6,425.59,2553.54
ORD-00885,2025-02-07,CUS-0170,PRD-018,8,110.62,884.96
ORD-01443,2025-02-07,CUS-0001,PRD-013,3,69.91,209.73
ORD-00539,2025-02-08,CUS-0356,PRD-008,10,16.08,160.8
ORD-00766,2025-02-08,CUS-0232,PRD-012,1,94.32,94.32
ORD-01620,2025-02-08,CUS-0126,PRD-017,3,69.39,208.17
ORD-01799,2025-02-08,CUS-0349,PRD-026,2,98.58,197.16
ORD-01892,2025-02-08,CUS-0284,PRD-039,2,17.91,35.82
ORD-00550,2025-02-09,CUS-0243,PRD-012,1,94.32,94.32
ORD-00833,2025-02-09,CUS-0133,PRD-029,8,106.8,854.4
ORD-00928,2025-02-09,CUS-0158,PRD-012,3,94.32,282.96
ORD-01347,2025-02-09,CUS-0128,PRD-003,1,9.61,9.61
ORD-01412,2025-02-09,CUS-0218,PRD-017,1,69.39,69.39
ORD-01538,2025-02-09,CUS-0295,PRD-016,1,131.25,131.25
ORD-00241,2025-02-10,CUS-0385,PRD-006,1,24.5,24.5
ORD-00345,2025-02-10,CUS-0217,PRD-015,1,57.87,57.87
ORD-00397,2025-02-10,CUS-0293,PRD-040,3,19.49,58.47
ORD-00572,2025-02-10,CUS-0302,PRD-012,4,94.32,377.28
ORD-00579,2025-02-10,CUS-0313,PRD-034,1,45.84,45.84
ORD-00591,2025-02-10,CUS-0181,PRD-003,1,9.61,9.61
ORD-00844,2025-02-10,CUS-0308,PRD-018,1,110.62,110.62
ORD-01154,2025-02-10,CUS-0373,PRD-015,4,57.87,231.48
ORD-01350,2025-02-10,CUS-0329,PRD-012,1,94.32,94.32
ORD-01483,2025-02-10,CUS-0278,PRD-012,2,94.32,188.64
ORD-01984,2025-02-10,CUS-0168,PRD-010,2,13.11,26.22
ORD-00361,2025-02-11,CUS-0331,PRD-025,6,88.05,528.3
ORD-00501,2025-02-11,CUS-0067,PRD-039,4,17.91,71.64
ORD-01133,2025-02-11,CUS-0048,PRD-039,2,17.91,35.82
ORD-01314,2025-02-11,CUS-0001,PRD-030,10,436.33,4363.3
ORD-00269,2025-02-12,CUS-0223,PRD-040,4,19.49,77.96
ORD-00339,2025-02-12,CUS-0035,PRD-015,2,57.87,115.74
ORD-00817,2025-02-12,CUS-0131,PRD-029,5,106.8,534.0
ORD-01031,2025-02-12,CUS-0108,PRD-023,1,136.35,136.35
ORD-01449,2025-02-12,CUS-0332,PRD-004,6,28.11,168.66
ORD-01554,2025-02-12,CUS-0220,PRD-011,1,154.66,154.66
ORD-00259,2025-02-13,CUS-0343,PRD-008,1,16.08,16.08
ORD-00832,2025-02-13,CUS-0332,PRD-012,1,94.32,94.32
ORD-01202,2025-02-13,CUS-0046,PRD-030,4,436.33,1745.32
ORD-01307,2025-02-13,CUS-0225,PRD-038,2,31.77,63.54
ORD-01357,2025-02-13,CUS-0036,PRD-012,2,94.32,188.64
ORD-01398,2025-02-13,CUS-0001,PRD-018,4,110.62,442.48
ORD-01680,2025-02-13,CUS-0254,PRD-008,2,16.08,32.16
ORD-00526,2025-02-14,CUS-0032,PRD-012,1,94.32,94.32
ORD-00674,2025-02-15,CUS-0095,PRD-039,3,17.91,53.73
ORD-00790,2025-02-15,CUS-0398,PRD-026,3,98.58,295.74
ORD-00957,2025-02-15,CUS-0209,PRD-024,1,260.78,260.78
ORD-01047,2025-02-15,CUS-0394,PRD-008,4,16.08,64.32
ORD-01136,2025-02-15,CUS-0367,PRD-003,2,9.61,19.22
ORD-01440,2025-02-15,CUS-0199,PRD-029,8,106.8,854.4
ORD-01452,2025-02-15,CUS-0089,PRD-028,4,425.59,1702.36
ORD-01498,2025-02-15,CUS-0088,PRD-027,10,408.78,4087.8
ORD-01779,2025-02-15,CUS-0107,PRD-032,2,70.79,141.58
ORD-01827,2025-02-15,CUS-0203,PRD-024,3,260.78,782.34
ORD-00143,2025-02-16,CUS-0266,PRD-031,1,16.59,16.59
ORD-00429,2025-02-16,CUS-0043,PRD-024,4,260.78,1043.12
ORD-01640,2025-02-16,CUS-0356,PRD-019,1,51.1,51.1
ORD-01954,2025-02-16,CUS-0070,PRD-001,2,19.27,38.54
ORD-00776,2025-02-17,CUS-0246,PRD-012,2,94.32,188.64
ORD-01893,2025-02-17,CUS-0251,PRD-031,10,16.59,165.9
ORD-00498,2025-02-18,CUS-0244,PRD-008,5,16.08,80.4
ORD-01524,2025-02-18,CUS-0006,PRD-012,2,94.32,188.64
ORD-00639,2025-02-19,CUS-0286,PRD-020,1,128.49,128.49
ORD-00820,2025-02-19,CUS-0028,PRD-011,5,154.66,773.3
ORD-00908,2025-02-19,CUS-0290,PRD-003,4,9.61,38.44
ORD-01153,2025-02-19,CUS-0141,PRD-007,4,10.68,42.72
ORD-01776,2025-02-19,CUS-0139,PRD-020,10,128.49,1284.9
ORD-01975,2025-02-19,CUS-0092,PRD-017,10,69.39,693.9
ORD-01211,2025-02-20,CUS-0227,PRD-028,3,425.59,1276.77
ORD-01252,2025-02-20,CUS-0100,PRD-007,2,10.68,21.36
ORD-01813,2025-02-20,CUS-0219,PRD-012,1,94.32,94.32
ORD-01673,2025-02-21,CUS-0268,PRD-012,3,94.32,282.96
ORD-00298,2025-02-22,CUS-0334,PRD-028,1,425.59,425.59
ORD-00761,2025-02-22,CUS-0385,PRD-028,1,425.59,425.59
ORD-01135,2025-02-22,CUS-0245,PRD-031,10,16.59,165.9
ORD-01355,2025-02-22,CUS-0117,PRD-022,1,334.91,334.91
ORD-01550,2025-02-22,CUS-0391,PRD-012,3,94.32,282.96
ORD-01652,2025-02-22,CUS-0201,PRD-021,5,198.7,993.5
ORD-01845,2025-02-22,CUS-0029,PRD-026,4,98.58,394.32
ORD-00083,2025-02-23,CUS-0001,PRD-008,10,16.08,160.8
ORD-00163,2025-02-23,CUS-0335,PRD-026,8,98.58,788.64
ORD-01635,2025-02-23,CUS-0105,PRD-030,2,436.33,872.66
ORD-01991,2025-02-23,CUS-0062,PRD-018,1,110.62,110.62
ORD-00021,2025-02-24,CUS-0141,PRD-031,3,16.59,49.77
ORD-00204,2025-02-24,CUS-0138,PRD-005,2,19.22,38.44
ORD-00448,2025-02-24,CUS-0371,PRD-017,6,69.39,416.34
ORD-01054,2025-02-24,CUS-0124,PRD-036,4,10.53,42.12
ORD-01532,2025-02-24,CUS-0141,PRD-026,1,98.58,98.58
ORD-01676,2025-02-24,CUS-0082,PRD-010,1,13.11,13.11
ORD-00366,2025-02-25,CUS-0394,PRD-033,4,10.51,42.04
ORD-00484,2025-02-25,CUS-0273,PRD-028,1,425.59,425.59
ORD-01968,2025-02-25,CUS-0183,PRD-013,4,69.91,279.64
ORD-00518,2025-02-26,CUS-0283,PRD-012,2,94.32,188.64
ORD-00825,2025-02-26,CUS-0239,PRD-019,1,51.1,51.1
ORD-01238,2025-02-26,CUS-0097,PRD-012,6,94.32,565.92
ORD-01615,2025-02-26,CUS-0144,PRD-010,2,13.11,26.22
ORD-01617,2025-02-26,CUS-0294,PRD-017,1,69.39,69.39
ORD-00219,2025-02-27,CUS-0118,PRD-037,2,55.4,110.8
ORD-00809,2025-02-27,CUS-0232,PRD-017,5,69.39,346.95
ORD-01642,2025-02-27,CUS-0383,PRD-016,1,131.25,131.25
ORD-00370,2025-02-28,CUS-0119,PRD-019,1,51.1,51.1
ORD-00613,2025-02-28,CUS-0248,PRD-024,1,260.78,260.78
ORD-00758,2025-02-28,CUS-0179,PRD-034,2,45.84,91.68
ORD-01406,2025-02-28,CUS-0128,PRD-027,2,408.78,817.56
ORD-01521,2025-02-28,CUS-0353,PRD-012,8,94.32,754.56
ORD-01824,2025-02-28,CUS-0381,PRD-004,3,28.11,84.33
ORD-00109,2025-03-01,CUS-0243,PRD-010,2,13.11,26.22
ORD-01338,2025-03-01,CUS-0367,PRD-006,3,24.5,73.5
ORD-01595,2025-03-01,CUS-0191,PRD-012,4,94.32,377.28
ORD-00267,2025-03-02,CUS-0254,PRD-032,1,70.79,70.79
ORD-00538,2025-03-02,CUS-0229,PRD-006,2,24.5,49.0
ORD-00617,2025-03-02,CUS-0217,PRD-032,4,70.79,283.16
ORD-01174,2025-03-02,CUS-0178,PRD-035,1,26.07,26.07
ORD-01890,2025-03-02,CUS-0232,PRD-018,5,110.62,553.1
ORD-00488,2025-03-03,CUS-0386,PRD-028,2,425.59,851.18
ORD-00672,2025-03-03,CUS-0055,PRD-012,3,94.32,282.96
ORD-01231,2025-03-03,CUS-0362,PRD-006,1,24.5,24.5
ORD-01662,2025-03-03,CUS-0166,PRD-026,4,98.58,394.32
ORD-00516,2025-03-04,CUS-0258,PRD-037,10,55.4,554.0
ORD-00628,2025-03-04,CUS-0018,PRD-026,1,98.58,98.58
ORD-01012,2025-03-04,CUS-0100,PRD-028,4,425.59,1702.36
ORD-01331,2025-03-04,CUS-0166,PRD-040,1,19.49,19.49
ORD-01369,2025-03-04,CUS-0231,PRD-032,1,70.79,70.79
ORD-01475,2025-03-04,CUS-0352,PRD-038,5,31.77,158.85
ORD-00418,2025-03-05,CUS-0126,PRD-029,3,106.8,320.4
ORD-00687,2025-03-05,CUS-0332,PRD-024,8,260.78,2086.24
ORD-00733,2025-03-05,CUS-0359,PRD-036,2,10.53,21.06
ORD-00903,2025-03-05,CUS-0100,PRD-032,1,70.79,70.79
ORD-00906,2025-03-05,CUS-0308,PRD-024,5,260.78,1303.9
ORD-01187,2025-03-05,CUS-0130,PRD-040,1,19.49,19.49
ORD-01332,2025-03-05,CUS-0291,PRD-015,3,57.87,173.61
ORD-01433,2025-03-05,CUS-0135,PRD-008,3,16.08,48.24
ORD-01563,2025-03-05,CUS-0050,PRD-030,2,436.33,872.66
ORD-01880,2025-03-05,CUS-0014,PRD-010,1,13.11,13.11
ORD-00225,2025-03-06,CUS-0002,PRD-012,5,94.32,471.6
ORD-00271,2025-03-06,CUS-0123,PRD-039,1,17.91,17.91
ORD-01129,2025-03-06,CUS-0157,PRD-022,5,334.91,1674.55
ORD-01287,2025-03-06,CUS-0114,PRD-024,3,260.78,782.34
ORD-01736,2025-03-06,CUS-0249,PRD-020,3,128.49,385.47
ORD-01755,2025-03-06,CUS-0333,PRD-013,1,69.91,69.91
ORD-01918,2025-03-06,CUS-0343,PRD-025,1,88.05,88.05
ORD-01959,2025-03-06,CUS-0368,PRD-026,3,98.58,295.74
ORD-01987,2025-03-06,CUS-0359,PRD-015,8,57.87,462.96
ORD-00213,2025-03-07,CUS-0210,PRD-034,6,45.84,275.04
ORD-00675,2025-03-07,CUS-0279,PRD-003,2,9.61,19.22
ORD-01295,2025-03-07,CUS-0293,PRD-030,2,436.33,872.66
ORD-01703,2025-03-07,CUS-0191,PRD-035,2,26.07,52.14
ORD-00035,2025-03-08,CUS-0015,PRD-024,3,260.78,782.34
ORD-00215,2025-03-08,CUS-0174,PRD-019,3,51.1,153.3
ORD-00351,2025-03-08,CUS-0045,PRD-031,3,16.59,49.77
ORD-00588,2025-03-08,CUS-0051,PRD-003,1,9.61,9.61
ORD-00688,2025-03-08,CUS-0148,PRD-003,2,9.61,19.22
ORD-00731,2025-03-08,CUS-0061,PRD-016,1,131.25,131.25
ORD-00843,2025-03-08,CUS-0122,PRD-013,2,69.91,139.82
ORD-01571,2025-03-08,CUS-0115,PRD-024,1,260.78,260.78
ORD-01857,2025-03-08,CUS-0178,PRD-024,1,260.78,260.78
ORD-00075,2025-03-09,CUS-0111,PRD-026,3,98.58,295.74
ORD-00152,2025-03-09,CUS-0135,PRD-029,4,106.8,427.2
ORD-00174,2025-03-09,CUS-0075,PRD-008,1,16.08,16.08
ORD-00545,2025-03-09,CUS-0078,PRD-039,1,17.91,17.91
ORD-00547,2025-03-09,CUS-0112,PRD-015,2,57.87,115.74
ORD-00563,2025-03-09,CUS-0253,PRD-013,1,69.91,69.91
ORD-00826,2025-03-09,CUS-0006,PRD-009,1,10.5,10.5
ORD-00937,2025-03-09,CUS-0216,PRD-012,1,94.32,94.32
ORD-01654,2025-03-09,CUS-0230,PRD-017,3,69.39,208.17
ORD-00134,2025-03-10,CUS-0204,PRD-031,3,16.59,49.77
ORD-00546,2025-03-10,CUS-0263,PRD-012,2,94.32,188.64
ORD-00962,2025-03-10,CUS-0343,PRD-019,1,51.1,51.1
ORD-01250,2025-03-10,CUS-0041,PRD-013,3,69.91,209.73
ORD-01425,2025-03-10,CUS-0276,PRD-026,6,98.58,591.48
ORD-01504,2025-03-10,CUS-0387,PRD-010,3,13.11,39.33
ORD-01925,2025-03-10,CUS-0158,PRD-014,2,164.13,328.26
ORD-01515,2025-03-11,CUS-0008,PRD-014,2,164.13,328.26
ORD-01608,2025-03-11,CUS-0106,PRD-001,1,19.27,19.27
ORD-01744,2025-03-11,CUS-0007,PRD-028,6,425.59,2553.54
ORD-01817,2025-03-11,CUS-0189,PRD-018,5,110.62,553.1
ORD-01104,2025-03-12,CUS-0164,PRD-012,1,94.32,94.32
ORD-01168,2025-03-12,CUS-0181,PRD-004,8,28.11,224.88
ORD-01188,2025-03-12,CUS-0147,PRD-034,5,45.84,229.2
ORD-01818,2025-03-12,CUS-0021,PRD-003,1,9.61,9.61
ORD-00119,2025-03-13,CUS-0170,PRD-019,1,51.1,51.1
ORD-00527,2025-03-13,CUS-0228,PRD-033,6,10.51,63.06
ORD-01539,2025-03-13,CUS-0124,PRD-024,1,260.78,260.78
ORD-01636,2025-03-13,CUS-0153,PRD-018,2,110.62,221.24
ORD-01796,2025-03-13,CUS-0218,PRD-025,2,88.05,176.1
ORD-00499,2025-03-14,CUS-0375,PRD-026,4,98.58,394.32
ORD-00543,2025-03-14,CUS-0137,PRD-003,4,9.61,38.44
ORD-00969,2025-03-14,CUS-0366,PRD-012,2,94.32,188.64
ORD-01646,2025-03-14,CUS-0078,PRD-011,1,154.66,154.66
ORD-01671,2025-03-14,CUS-0373,PRD-018,1,110.62,110.62
ORD-00521,2025-03-15,CUS-0041,PRD-040,1,19.49,19.49
ORD-00575,2025-03-15,CUS-0170,PRD-012,1,94.32,94.32
ORD-01118,2025-03-15,CUS-0208,PRD-012,1,94.32,94.32
ORD-01199,2025-03-15,CUS-0306,PRD-008,2,16.08,32.16
ORD-01391,2025-03-15,CUS-0378,PRD-028,2,425.59,851.18
ORD-01173,2025-03-16,CUS-0278,PRD-030,8,436.33,3490.64
ORD-01497,2025-03-16,CUS-0122,PRD-001,6,19.27,115.62
ORD-01685,2025-03-16,CUS-0035,PRD-014,4,164.13,656.52
ORD-01712,2025-03-16,CUS-0049,PRD-003,3,9.61,28.83
ORD-00048,2025-03-17,CUS-0347,PRD-028,5,425.59,2127.95
ORD-00235,2025-03-17,CUS-0348,PRD-011,3,154.66,463.98
ORD-00503,2025-03-17,CUS-0295,PRD-033,1,10.51,10.51
ORD-00940,2025-03-17,CUS-0039,PRD-030,4,436.33,1745.32
ORD-01300,2025-03-17,CUS-0182,PRD-020,1,128.49,128.49
ORD-01885,2025-03-17,CUS-0220,PRD-026,4,98.58,394.32
ORD-00277,2025-03-18,CUS-0137,PRD-032,10,70.79,707.9
ORD-00648,2025-03-18,CUS-0200,PRD-029,3,106.8,320.4
ORD-00741,2025-03-18,CUS-0219,PRD-017,1,69.39,69.39
ORD-01241,2025-03-18,CUS-0229,PRD-023,2,136.35,272.7
ORD-01466,2025-03-18,CUS-0327,PRD-002,4,35.33,141.32
ORD-01513,2025-03-18,CUS-0273,PRD-025,2,88.05,176.1
ORD-01566,2025-03-18,CUS-0071,PRD-026,1,98.58,98.58
ORD-01999,2025-03-18,CUS-0141,PRD-029,1,106.8,106.8
ORD-00877,2025-03-19,CUS-0061,PRD-022,3,334.91,1004.73
ORD-01210,2025-03-19,CUS-0120,PRD-023,5,136.35,681.75
ORD-01421,2025-03-19,CUS-0288,PRD-008,1,16.08,16.08
ORD-01872,2025-03-19,CUS-0298,PRD-040,2,19.49,38.98
ORD-01903,2025-03-19,CUS-0061,PRD-003,6,9.61,57.66
ORD-00406,2025-03-20,CUS-0050,PRD-015,1,57.87,57.87
ORD-00754,2025-03-20,CUS-0052,PRD-010,3,13.11,39.33
ORD-01219,2025-03-20,CUS-0188,PRD-039,1,17.91,17.91
ORD-01272,2025-03-20,CUS-0264,PRD-039,1,17.91,17.91
ORD-01274,2025-03-20,CUS-0232,PRD-001,1,19.27,19.27
ORD-01508,2025-03-20,CUS-0282,PRD-017,2,69.39,138.78
ORD-01730,2025-03-20,CUS-0156,PRD-018,4,110.62,442.48
ORD-00604,2025-03-21,CUS-0197,PRD-027,3,408.78,1226.34
ORD-00900,2025-03-21,CUS-0191,PRD-024,1,260.78,260.78
ORD-01643,2025-03-21,CUS-0317,PRD-036,5,10.53,52.65
ORD-00618,2025-03-22,CUS-0286,PRD-038,1,31.77,31.77
ORD-00840,2025-03-22,CUS-0016,PRD-012,1,94.32,94.32
ORD-01276,2025-03-22,CUS-0309,PRD-006,1,24.5,24.5
ORD-00480,2025-03-23,CUS-0394,PRD-017,5,69.39,346.95
ORD-00586,2025-03-23,CUS-0105,PRD-031,5,16.59,82.95
ORD-00590,2025-03-23,CUS-0340,PRD-012,3,94.32,282.96
ORD-01022,2025-03-23,CUS-0114,PRD-012,10,94.32,943.2
ORD-01078,2025-03-23,CUS-0228,PRD-023,8,136.35,1090.8
ORD-01090,2025-03-23,CUS-0389,PRD-004,3,28.11,84.33
ORD-01296,2025-03-23,CUS-0157,PRD-026,2,98.58,197.16
ORD-01752,2025-03-23,CUS-0245,PRD-007,1,10.68,10.68
ORD-00966,2025-03-24,CUS-0266,PRD-025,1,88.05,88.05
ORD-01707,2025-03-24,CUS-0126,PRD-028,5,425.59,2127.95
ORD-01757,2025-03-24,CUS-0087,PRD-004,1,28.11,28.11
ORD-00294,2025-03-25,CUS-0337,PRD-035,1,26.07,26.07
ORD-00470,2025-03-25,CUS-0047,PRD-031,2,16.59,33.18
ORD-00610,2025-03-25,CUS-0287,PRD-039,3,17.91,53.73
ORD-01097,2025-03-25,CUS-0185,PRD-004,1,28.11,28.11
ORD-01628,2025-03-25,CUS-0097,PRD-010,8,13.11,104.88
ORD-00599,2025-03-26,CUS-0025,PRD-002,3,35.33,105.99
ORD-00792,2025-03-26,CUS-0195,PRD-017,2,69.39,138.78
ORD-00899,2025-03-26,CUS-0146,PRD-012,5,94.32,471.6
ORD-01074,2025-03-26,CUS-0077,PRD-029,1,106.8,106.8
ORD-01621,2025-03-26,CUS-0179,PRD-035,3,26.07,78.21
ORD-01116,2025-03-27,CUS-0331,PRD-024,6,260.78,1564.68
ORD-00299,2025-03-28,CUS-0275,PRD-023,1,136.35,136.35
ORD-00815,2025-03-28,CUS-0198,PRD-004,1,28.11,28.11
ORD-00972,2025-03-28,CUS-0134,PRD-007,3,10.68,32.04
ORD-01623,2025-03-28,CUS-0024,PRD-028,3,425.59,1276.77
ORD-01725,2025-03-28,CUS-0377,PRD-024,4,260.78,1043.12
ORD-01792,2025-03-28,CUS-0273,PRD-003,2,9.61,19.22
ORD-00081,2025-03-29,CUS-0295,PRD-031,1,16.59,16.59
ORD-00395,2025-03-29,CUS-0398,PRD-017,1,69.39,69.39
ORD-00880,2025-03-29,CUS-0132,PRD-006,2,24.5,49.0
ORD-01091,2025-03-29,CUS-0061,PRD-035,2,26.07,52.14
ORD-01098,2025-03-29,CUS-0263,PRD-001,2,19.27,38.54
ORD-01123,2025-03-29,CUS-0324,PRD-011,5,154.66,773.3
ORD-01161,2025-03-29,CUS-0039,PRD-007,1,10.68,10.68
ORD-01201,2025-03-29,CUS-0390,PRD-031,1,16.59,16.59
ORD-01248,2025-03-29,CUS-0037,PRD-028,1,425.59,425.59
ORD-01270,2025-03-29,CUS-0229,PRD-003,1,9.61,9.61
ORD-01540,2025-03-29,CUS-0280,PRD-012,3,94.32,282.96
ORD-01830,2025-03-29,CUS-0224,PRD-040,4,19.49,77.96
ORD-00005,2025-03-31,CUS-0370,PRD-025,4,88.05,352.2
ORD-00148,2025-03-31,CUS-0389,PRD-028,3,425.59,1276.77
ORD-00530,2025-03-31,CUS-0007,PRD-017,4,69.39,277.56
ORD-00637,2025-03-31,CUS-0326,PRD-018,4,110.62,442.48
ORD-00907,2025-03-31,CUS-0369,PRD-016,2,131.25,262.5
ORD-00935,2025-03-31,CUS-0095,PRD-004,6,28.11,168.66
ORD-01036,2025-03-31,CUS-0042,PRD-010,1,13.11,13.11
ORD-00409,2025-04-01,CUS-0327,PRD-030,5,436.33,2181.65
ORD-00830,2025-04-01,CUS-0155,PRD-016,1,131.25,131.25
ORD-01021,2025-04-01,CUS-0039,PRD-012,10,94.32,943.2
ORD-01128,2025-04-01,CUS-0395,PRD-029,3,106.8,320.4
ORD-01156,2025-04-01,CUS-0281,PRD-026,3,98.58,295.74
ORD-00026,2025-04-02,CUS-0273,PRD-008,4,16.08,64.32
ORD-00601,2025-04-02,CUS-0130,PRD-012,3,94.32,282.96
ORD-01095,2025-04-02,CUS-0280,PRD-012,6,94.32,565.92
ORD-01722,2025-04-02,CUS-0016,PRD-029,2,106.8,213.6
ORD-00060,2025-04-03,CUS-0110,PRD-024,3,260.78,782.34
ORD-00359,2025-04-03,CUS-0325,PRD-024,1,260.78,260.78
ORD-00372,2025-04-03,CUS-0247,PRD-021,8,198.7,1589.6
ORD-00393,2025-04-03,CUS-0196,PRD-005,1,19.22,19.22
ORD-00611,2025-04-03,CUS-0142,PRD-010,4,13.11,52.44
ORD-00870,2025-04-03,CUS-0117,PRD-020,4,128.49,513.96
ORD-01194,2025-04-03,CUS-0249,PRD-012,4,94.32,377.28
ORD-01565,2025-04-03,CUS-0038,PRD-003,2,9.61,19.22
ORD-00800,2025-04-04,CUS-0223,PRD-015,3,57.87,173.61
ORD-00854,2025-04-04,CUS-0335,PRD-009,8,10.5,84.0
ORD-00913,2025-04-04,CUS-0004,PRD-004,1,28.11,28.11
ORD-01184,2025-04-04,CUS-0327,PRD-032,3,70.79,212.37
ORD-01431,2025-04-04,CUS-0365,PRD-040,2,19.49,38.98
ORD-01766,2025-04-04,CUS-0317,PRD-014,1,164.13,164.13
ORD-00136,2025-04-05,CUS-0143,PRD-012,3,94.32,282.96
ORD-00170,2025-04-05,CUS-0202,PRD-014,1,164.13,164.13
ORD-00729,2025-04-05,CUS-0301,PRD-028,2,425.59,851.18
ORD-00217,2025-04-06,CUS-0026,PRD-020,1,128.49,128.49
ORD-01322,2025-04-06,CUS-0285,PRD-020,3,128.49,385.47
ORD-01381,2025-04-06,CUS-0152,PRD-040,2,19.49,38.98
ORD-01718,2025-04-06,CUS-0093,PRD-012,3,94.32,282.96
ORD-01739,2025-04-06,CUS-0166,PRD-006,1,24.5,24.5
ORD-01915,2025-04-06,CUS-0159,PRD-002,4,35.33,141.32
ORD-00013,2025-04-07,CUS-0234,PRD-025,3,88.05,264.15
ORD-00055,2025-04-07,CUS-0031,PRD-032,1,70.79,70.79
ORD-01068,2025-04-08,CUS-0344,PRD-012,5,94.32,471.6
ORD-01462,2025-04-08,CUS-0201,PRD-013,1,69.91,69.91
ORD-01476,2025-04-08,CUS-0085,PRD-025,2,88.05,176.1
ORD-01501,2025-04-08,CUS-0188,PRD-022,1,334.91,334.91
ORD-01740,2025-04-08,CUS-0254,PRD-012,1,94.32,94.32
ORD-00623,2025-04-09,CUS-0072,PRD-026,1,98.58,98.58
ORD-00973,2025-04-09,CUS-0202,PRD-029,1,106.8,106.8
ORD-01411,2025-04-09,CUS-0320,PRD-020,3,128.49,385.47
ORD-00386,2025-04-10,CUS-0382,PRD-028,4,425.59,1702.36
ORD-00879,2025-04-10,CUS-0103,PRD-020,3,128.49,385.47
ORD-00983,2025-04-10,CUS-0098,PRD-032,2,70.79,141.58
ORD-01392,2025-04-10,CUS-0217,PRD-024,3,260.78,782.34
ORD-01491,2025-04-10,CUS-0257,PRD-017,8,69.39,555.12
ORD-01591,2025-04-10,CUS-0362,PRD-039,4,17.91,71.64
ORD-00482,2025-04-12,CUS-0262,PRD-039,4,17.91,71.64
ORD-01648,2025-04-12,CUS-0086,PRD-028,1,425.59,425.59
ORD-01815,2025-04-12,CUS-0297,PRD-029,10,106.8,1068.0
ORD-00169,2025-04-13,CUS-0271,PRD-016,2,131.25,262.5
ORD-00804,2025-04-13,CUS-0184,PRD-008,2,16.08,32.16
ORD-00079,2025-04-14,CUS-0096,PRD-012,2,94.32,188.64
ORD-00265,2025-04-14,CUS-0327,PRD-012,1,94.32,94.32
ORD-00283,2025-04-14,CUS-0178,PRD-024,1,260.78,260.78
ORD-00985,2025-04-14,CUS-0138,PRD-022,2,334.91,669.82
ORD-01106,2025-04-14,CUS-0060,PRD-012,2,94.32,188.64
ORD-01178,2025-04-14,CUS-0376,PRD-028,1,425.59,425.59
ORD-01696,2025-04-14,CUS-0118,PRD-039,1,17.91,17.91
ORD-00510,2025-04-15,CUS-0169,PRD-002,3,35.33,105.99
ORD-00808,2025-04-15,CUS-0212,PRD-020,1,128.49,128.49
ORD-01399,2025-04-15,CUS-0378,PRD-029,2,106.8,213.6
ORD-00209,2025-04-16,CUS-0192,PRD-012,6,94.32,565.92
ORD-00573,2025-04-16,CUS-0204,PRD-025,4,88.05,352.2
ORD-01807,2025-04-16,CUS-0029,PRD-028,1,425.59,425.59
ORD-00057,2025-04-17,CUS-0012,PRD-011,3,154.66,463.98
ORD-00104,2025-04-17,CUS-0121,PRD-025,2,88.05,176.1
ORD-00511,2025-04-17,CUS-0270,PRD-026,5,98.58,492.9
ORD-00565,2025-04-17,CUS-0186,PRD-018,1,110.62,110.62
ORD-00775,2025-04-17,CUS-0282,PRD-005,1,19.22,19.22
ORD-00828,2025-04-17,CUS-0125,PRD-039,2,17.91,35.82
ORD-00838,2025-04-17,CUS-0206,PRD-016,3,131.25,393.75
ORD-01237,2025-04-17,CUS-0092,PRD-013,5,69.91,349.55
ORD-00681,2025-04-18,CUS-0400,PRD-002,2,35.33,70.66
ORD-00999,2025-04-18,CUS-0355,PRD-006,10,24.5,245.0
ORD-01122,2025-04-18,CUS-0299,PRD-012,2,94.32,188.64
ORD-01152,2025-04-18,CUS-0234,PRD-008,10,16.08,160.8
ORD-01557,2025-04-18,CUS-0367,PRD-003,3,9.61,28.83
ORD-01702,2025-04-18,CUS-0282,PRD-012,5,94.32,471.6
ORD-00839,2025-04-19,CUS-0260,PRD-019,5,51.1,255.5
ORD-00037,2025-04-20,CUS-0215,PRD-029,4,106.8,427.2
ORD-00387,2025-04-20,CUS-0343,PRD-015,3,57.87,173.61
ORD-00423,2025-04-20,CUS-0214,PRD-026,5,98.58,492.9
ORD-00861,2025-04-20,CUS-0214,PRD-025,5,88.05,440.25
ORD-01613,2025-04-20,CUS-0181,PRD-030,1,436.33,436.33
ORD-00589,2025-04-21,CUS-0333,PRD-008,2,16.08,32.16
ORD-00645,2025-04-21,CUS-0207,PRD-028,2,425.59,851.18
ORD-01923,2025-04-21,CUS-0011,PRD-035,4,26.07,104.28
ORD-00064,2025-04-22,CUS-0211,PRD-002,5,35.33,176.65
ORD-00679,2025-04-22,CUS-0058,PRD-001,3,19.27,57.81
ORD-00842,2025-04-22,CUS-0007,PRD-020,4,128.49,513.96
ORD-00912,2025-04-22,CUS-0182,PRD-026,4,98.58,394.32
ORD-01000,2025-04-22,CUS-0206,PRD-029,1,106.8,106.8
ORD-01556,2025-04-22,CUS-0022,PRD-020,2,128.49,256.98
ORD-00080,2025-04-23,CUS-0347,PRD-006,1,24.5,24.5
ORD-00301,2025-04-23,CUS-0312,PRD-023,3,136.35,409.05
ORD-01057,2025-04-23,CUS-0152,PRD-015,1,57.87,57.87
ORD-01527,2025-04-23,CUS-0080,PRD-020,5,128.49,642.45
ORD-01731,2025-04-23,CUS-0210,PRD-019,3,51.1,153.3
ORD-01920,2025-04-23,CUS-0371,PRD-018,10,110.62,1106.2
ORD-00135,2025-04-24,CUS-0348,PRD-026,1,98.58,98.58
ORD-00205,2025-04-24,CUS-0156,PRD-008,1,16.08,16.08
ORD-00239,2025-04-24,CUS-0037,PRD-028,6,425.59,2553.54
ORD-00355,2025-04-25,CUS-0356,PRD-011,1,154.66,154.66
ORD-00427,2025-04-25,CUS-0072,PRD-028,2,425.59,851.18
ORD-00878,2025-04-25,CUS-0340,PRD-027,3,408.78,1226.34
ORD-01261,2025-04-25,CUS-0089,PRD-020,2,128.49,256.98
ORD-00500,2025-04-26,CUS-0109,PRD-008,2,16.08,32.16
ORD-00541,2025-04-26,CUS-0340,PRD-012,5,94.32,471.6
ORD-00683,2025-04-26,CUS-0181,PRD-004,2,28.11,56.22
ORD-01052,2025-04-26,CUS-0167,PRD-035,2,26.07,52.14
ORD-01058,2025-04-26,CUS-0200,PRD-011,10,154.66,1546.6
ORD-01264,2025-04-26,CUS-0344,PRD-026,2,98.58,197.16
ORD-00555,2025-04-27,CUS-0356,PRD-024,6,260.78,1564.68
ORD-00756,2025-04-27,CUS-0136,PRD-040,1,19.49,19.49
ORD-01578,2025-04-27,CUS-0278,PRD-012,5,94.32,471.6
ORD-01735,2025-04-27,CUS-0231,PRD-026,6,98.58,591.48
ORD-01868,2025-04-27,CUS-0276,PRD-039,1,17.91,17.91
ORD-01955,2025-04-27,CUS-0056,PRD-012,6,94.32,565.92
ORD-00290,2025-04-28,CUS-0361,PRD-012,3,94.32,282.96
ORD-00732,2025-04-28,CUS-0248,PRD-028,2,425.59,851.18
ORD-01329,2025-04-28,CUS-0262,PRD-023,2,136.35,272.7
ORD-01952,2025-04-28,CUS-0340,PRD-018,3,110.62,331.86
ORD-00725,2025-04-29,CUS-0231,PRD-006,3,24.5,73.5
ORD-00902,2025-04-29,CUS-0163,PRD-012,5,94.32,471.6
ORD-00922,2025-04-29,CUS-0153,PRD-003,6,9.61,57.66
ORD-01193,2025-04-30,CUS-0089,PRD-012,1,94.32,94.32
ORD-01867,2025-04-30,CUS-0280,PRD-003,1,9.61,9.61
ORD-00374,2025-05-01,CUS-0134,PRD-020,10,128.49,1284.9
ORD-00847,2025-05-01,CUS-0218,PRD-013,2,69.91,139.82
ORD-01121,2025-05-01,CUS-0226,PRD-012,2,94.32,188.64
ORD-01542,2025-05-01,CUS-0390,PRD-033,3,10.51,31.53
ORD-01639,2025-05-01,CUS-0269,PRD-024,8,260.78,2086.24
ORD-01804,2025-05-01,CUS-0068,PRD-014,2,164.13,328.26
ORD-01543,2025-05-02,CUS-0352,PRD-012,4,94.32,377.28
ORD-01816,2025-05-02,CUS-0071,PRD-021,3,198.7,596.1
ORD-01986,2025-05-02,CUS-0242,PRD-028,1,425.59,425.59
ORD-00992,2025-05-03,CUS-0301,PRD-036,3,10.53,31.59
ORD-01050,2025-05-03,CUS-0029,PRD-030,3,436.33,1308.99
ORD-01079,2025-05-03,CUS-0313,PRD-008,1,16.08,16.08
ORD-01171,2025-05-03,CUS-0098,PRD-006,1,24.5,24.5
ORD-01281,2025-05-03,CUS-0096,PRD-028,2,425.59,851.18
ORD-01386,2025-05-03,CUS-0024,PRD-007,2,10.68,21.36
ORD-01500,2025-05-03,CUS-0397,PRD-012,1,94.32,94.32
ORD-01750,2025-05-03,CUS-0017,PRD-008,2,16.08,32.16
ORD-00024,2025-05-04,CUS-0119,PRD-023,3,136.35,409.05
ORD-00086,2025-05-04,CUS-0162,PRD-012,2,94.32,188.64
ORD-00150,2025-05-04,CUS-0384,PRD-012,6,94.32,565.92
ORD-00338,2025-05-04,CUS-0002,PRD-026,1,98.58,98.58
ORD-01444,2025-05-04,CUS-0166,PRD-020,1,128.49,128.49
ORD-01928,2025-05-04,CUS-0020,PRD-026,8,98.58,788.64
ORD-00046,2025-05-05,CUS-0207,PRD-015,10,57.87,578.7
ORD-00417,2025-05-05,CUS-0236,PRD-004,2,28.11,56.22
ORD-00520,2025-05-05,CUS-0037,PRD-039,1,17.91,17.91
ORD-00630,2025-05-05,CUS-0299,PRD-028,8,425.59,3404.72
ORD-01010,2025-05-05,CUS-0266,PRD-030,1,436.33,436.33
ORD-01056,2025-05-05,CUS-0004,PRD-038,2,31.77,63.54
ORD-01585,2025-05-05,CUS-0199,PRD-012,1,94.32,94.32
ORD-00240,2025-05-06,CUS-0210,PRD-028,2,425.59,851.18
ORD-00605,2025-05-06,CUS-0076,PRD-007,2,10.68,21.36
ORD-01422,2025-05-06,CUS-0041,PRD-003,4,9.61,38.44
ORD-01809,2025-05-06,CUS-0035,PRD-028,2,425.59,851.18
ORD-00220,2025-05-07,CUS-0100,PRD-034,1,45.84,45.84
ORD-01455,2025-05-07,CUS-0254,PRD-012,3,94.32,282.96
ORD-01669,2025-05-07,CUS-0075,PRD-018,1,110.62,110.62
ORD-01964,2025-05-07,CUS-0331,PRD-006,6,24.5,147.0
ORD-00933,2025-05-08,CUS-0197,PRD-019,3,51.1,153.3
ORD-01336,2025-05-08,CUS-0028,PRD-017,4,69.39,277.56
ORD-01904,2025-05-08,CUS-0168,PRD-027,3,408.78,1226.34
ORD-00176,2025-05-09,CUS-0114,PRD-025,2,88.05,176.1
ORD-00326,2025-05-09,CUS-0371,PRD-029,4,106.8,427.2
ORD-00473,2025-05-09,CUS-0229,PRD-012,1,94.32,94.32
ORD-00542,2025-05-09,CUS-0091,PRD-029,8,106.8,854.4
ORD-00716,2025-05-09,CUS-0044,PRD-012,1,94.32,94.32
ORD-00988,2025-05-09,CUS-0344,PRD-032,1,70.79,70.79
ORD-01217,2025-05-09,CUS-0309,PRD-012,1,94.32,94.32
ORD-01771,2025-05-09,CUS-0347,PRD-029,2,106.8,213.6
ORD-00145,2025-05-10,CUS-0154,PRD-013,3,69.91,209.73
ORD-00330,2025-05-10,CUS-0370,PRD-011,8,154.66,1237.28
ORD-00795,2025-05-10,CUS-0215,PRD-023,2,136.35,272.7
ORD-01016,2025-05-10,CUS-0199,PRD-004,1,28.11,28.11
ORD-01025,2025-05-10,CUS-0030,PRD-012,2,94.32,188.64
ORD-01117,2025-05-10,CUS-0056,PRD-024,1,260.78,260.78
ORD-01436,2025-05-10,CUS-0101,PRD-038,3,31.77,95.31
ORD-01806,2025-05-10,CUS-0062,PRD-012,2,94.32,188.64
ORD-01832,2025-05-10,CUS-0211,PRD-007,4,10.68,42.72
ORD-00147,2025-05-11,CUS-0204,PRD-018,2,110.62,221.24
ORD-00165,2025-05-11,CUS-0253,PRD-006,1,24.5,24.5
ORD-01213,2025-05-11,CUS-0031,PRD-036,1,10.53,10.53
ORD-01465,2025-05-11,CUS-0331,PRD-010,1,13.11,13.11
ORD-01714,2025-05-11,CUS-0160,PRD-006,1,24.5,24.5
ORD-00199,2025-05-12,CUS-0057,PRD-012,5,94.32,471.6
ORD-00476,2025-05-12,CUS-0364,PRD-013,2,69.91,139.82
ORD-00464,2025-05-13,CUS-0041,PRD-012,3,94.32,282.96
ORD-00603,2025-05-13,CUS-0292,PRD-018,1,110.62,110.62
ORD-00684,2025-05-13,CUS-0265,PRD-012,2,94.32,188.64
ORD-01045,2025-05-13,CUS-0172,PRD-001,3,19.27,57.81
ORD-00142,2025-05-14,CUS-0034,PRD-012,1,94.32,94.32
ORD-00281,2025-05-14,CUS-0257,PRD-031,5,16.59,82.95
ORD-00629,2025-05-14,CUS-0247,PRD-001,3,19.27,57.81
ORD-01065,2025-05-14,CUS-0028,PRD-025,2,88.05,176.1
ORD-01519,2025-05-14,CUS-0114,PRD-002,3,35.33,105.99
ORD-01535,2025-05-14,CUS-0263,PRD-038,2,31.77,63.54
ORD-01886,2025-05-14,CUS-0324,PRD-021,10,198.7,1987.0
ORD-00103,2025-05-15,CUS-0011,PRD-027,1,408.78,408.78
ORD-00492,2025-05-15,CUS-0179,PRD-012,2,94.32,188.64
ORD-00927,2025-05-15,CUS-0065,PRD-017,5,69.39,346.95
ORD-01166,2025-05-15,CUS-0293,PRD-028,3,425.59,1276.77
ORD-00322,2025-05-16,CUS-0303,PRD-010,5,13.11,65.55
ORD-00746,2025-05-16,CUS-0208,PRD-003,5,9.61,48.05
ORD-00976,2025-05-16,CUS-0113,PRD-003,1,9.61,9.61
ORD-01127,2025-05-16,CUS-0151,PRD-018,2,110.62,221.24
ORD-01148,2025-05-16,CUS-0170,PRD-010,3,13.11,39.33
ORD-01149,2025-05-16,CUS-0145,PRD-018,2,110.62,221.24
ORD-00059,2025-05-17,CUS-0160,PRD-006,3,24.5,73.5
ORD-00389,2025-05-17,CUS-0219,PRD-029,6,106.8,640.8
ORD-00650,2025-05-17,CUS-0052,PRD-028,5,425.59,2127.95
ORD-00721,2025-05-17,CUS-0192,PRD-023,2,136.35,272.7
ORD-01863,2025-05-17,CUS-0035,PRD-030,1,436.33,436.33
ORD-00598,2025-05-18,CUS-0114,PRD-024,1,260.78,260.78
ORD-01409,2025-05-18,CUS-0031,PRD-015,1,57.87,57.87
ORD-01663,2025-05-18,CUS-0161,PRD-019,2,51.1,102.2
ORD-01667,2025-05-18,CUS-0394,PRD-028,2,425.59,851.18
ORD-00227,2025-05-19,CUS-0231,PRD-003,4,9.61,38.44
ORD-00631,2025-05-19,CUS-0399,PRD-012,10,94.32,943.2
ORD-00785,2025-05-19,CUS-0022,PRD-020,4,128.49,513.96
ORD-00919,2025-05-19,CUS-0330,PRD-031,3,16.59,49.77
ORD-01459,2025-05-19,CUS-0092,PRD-012,2,94.32,188.64
ORD-01576,2025-05-19,CUS-0230,PRD-026,2,98.58,197.16
ORD-00292,2025-05-20,CUS-0205,PRD-017,10,69.39,693.9
ORD-00454,2025-05-20,CUS-0249,PRD-019,4,51.1,204.4
ORD-01328,2025-05-20,CUS-0253,PRD-012,4,94.32,377.28
ORD-00224,2025-05-21,CUS-0280,PRD-001,2,19.27,38.54
ORD-00439,2025-05-21,CUS-0323,PRD-020,3,128.49,385.47
ORD-00248,2025-05-22,CUS-0370,PRD-028,1,425.59,425.59
ORD-00363,2025-05-22,CUS-0142,PRD-021,6,198.7,1192.2
ORD-00932,2025-05-22,CUS-0185,PRD-007,2,10.68,21.36
ORD-00958,2025-05-22,CUS-0321,PRD-008,1,16.08,16.08
ORD-01253,2025-05-22,CUS-0164,PRD-027,2,408.78,817.56
ORD-01258,2025-05-22,CUS-0252,PRD-028,1,425.59,425.59
ORD-01592,2025-05-22,CUS-0177,PRD-025,1,88.05,88.05
ORD-01011,2025-05-23,CUS-0338,PRD-040,2,19.49,38.98
ORD-01223,2025-05-23,CUS-0349,PRD-031,3,16.59,49.77
ORD-01602,2025-05-23,CUS-0144,PRD-020,5,128.49,642.45
ORD-00245,2025-05-24,CUS-0201,PRD-017,2,69.39,138.78
ORD-00474,2025-05-24,CUS-0114,PRD-019,2,51.1,102.2
ORD-00685,2025-05-24,CUS-0152,PRD-012,6,94.32,565.92
ORD-00831,2025-05-24,CUS-0122,PRD-015,2,57.87,115.74
ORD-01293,2025-05-24,CUS-0248,PRD-005,4,19.22,76.88
ORD-01480,2025-05-24,CUS-0252,PRD-028,2,425.59,851.18
ORD-00195,2025-05-25,CUS-0290,PRD-003,3,9.61,28.83
ORD-00739,2025-05-25,CUS-0238,PRD-019,1,51.1,51.1
ORD-00920,2025-05-25,CUS-0056,PRD-012,1,94.32,94.32
ORD-00998,2025-05-25,CUS-0142,PRD-029,1,106.8,106.8
ORD-01200,2025-05-25,CUS-0160,PRD-024,4,260.78,1043.12
ORD-01965,2025-05-25,CUS-0350,PRD-011,8,154.66,1237.28
ORD-00368,2025-05-26,CUS-0352,PRD-039,3,17.91,53.73
ORD-00812,2025-05-26,CUS-0306,PRD-028,1,425.59,425.59
ORD-00834,2025-05-26,CUS-0148,PRD-033,2,10.51,21.02
ORD-00876,2025-05-26,CUS-0250,PRD-028,1,425.59,425.59
ORD-01782,2025-05-26,CUS-0325,PRD-012,8,94.32,754.56
ORD-01935,2025-05-26,CUS-0303,PRD-035,1,26.07,26.07
ORD-00950,2025-05-27,CUS-0103,PRD-012,1,94.32,94.32
ORD-00960,2025-05-27,CUS-0320,PRD-005,2,19.22,38.44
ORD-01083,2025-05-27,CUS-0141,PRD-020,2,128.49,256.98
ORD-01534,2025-05-27,CUS-0346,PRD-017,1,69.39,69.39
ORD-01690,2025-05-27,CUS-0027,PRD-039,1,17.91,17.91
ORD-01974,2025-05-27,CUS-0167,PRD-025,8,88.05,704.4
ORD-00038,2025-05-28,CUS-0165,PRD-035,5,26.07,130.35
ORD-00223,2025-05-28,CUS-0087,PRD-003,6,9.61,57.66
ORD-00441,2025-05-28,CUS-0165,PRD-024,1,260.78,260.78
ORD-00939,2025-05-28,CUS-0034,PRD-015,1,57.87,57.87
ORD-01333,2025-05-28,CUS-0228,PRD-012,2,94.32,188.64
ORD-01523,2025-05-28,CUS-0001,PRD-020,3,128.49,385.47
ORD-01697,2025-05-28,CUS-0077,PRD-010,3,13.11,39.33
ORD-01729,2025-05-28,CUS-0212,PRD-010,2,13.11,26.22
ORD-01785,2025-05-28,CUS-0250,PRD-011,3,154.66,463.98
ORD-01825,2025-05-28,CUS-0309,PRD-019,2,51.1,102.2
ORD-00383,2025-05-29,CUS-0207,PRD-001,1,19.27,19.27
ORD-00405,2025-05-29,CUS-0314,PRD-014,3,164.13,492.39
ORD-00661,2025-05-29,CUS-0155,PRD-020,1,128.49,128.49
ORD-00916,2025-05-30,CUS-0399,PRD-018,3,110.62,331.86
ORD-01683,2025-05-30,CUS-0214,PRD-006,1,24.5,24.5
ORD-00168,2025-05-31,CUS-0063,PRD-014,6,164.13,984.78
ORD-00416,2025-05-31,CUS-0231,PRD-022,8,334.91,2679.28
ORD-00822,2025-05-31,CUS-0380,PRD-020,4,128.49,513.96
ORD-00872,2025-05-31,CUS-0127,PRD-018,3,110.62,331.86
ORD-00881,2025-05-31,CUS-0002,PRD-012,6,94.32,565.92
ORD-01227,2025-05-31,CUS-0268,PRD-037,6,55.4,332.4
ORD-01400,2025-05-31,CUS-0249,PRD-034,4,45.84,183.36
ORD-01594,2025-05-31,CUS-0395,PRD-020,1,128.49,128.49
ORD-01596,2025-05-31,CUS-0083,PRD-012,8,94.32,754.56
ORD-01794,2025-05-31,CUS-0094,PRD-029,8,106.8,854.4
ORD-01834,2025-05-31,CUS-0232,PRD-016,4,131.25,525.0
ORD-00233,2025-06-01,CUS-0094,PRD-019,3,51.1,153.3
ORD-00502,2025-06-01,CUS-0052,PRD-035,3,26.07,78.21
ORD-01014,2025-06-01,CUS-0153,PRD-005,3,19.22,57.66
ORD-01158,2025-06-01,CUS-0158,PRD-026,1,98.58,98.58
ORD-01665,2025-06-01,CUS-0088,PRD-015,4,57.87,231.48
ORD-01902,2025-06-01,CUS-0375,PRD-019,4,51.1,204.4
ORD-01985,2025-06-01,CUS-0176,PRD-025,2,88.05,176.1
ORD-00107,2025-06-02,CUS-0273,PRD-008,1,16.08,16.08
ORD-00186,2025-06-02,CUS-0203,PRD-019,5,51.1,255.5
ORD-00525,2025-06-02,CUS-0248,PRD-036,4,10.53,42.12
ORD-00837,2025-06-02,CUS-0214,PRD-023,3,136.35,409.05
ORD-00841,2025-06-02,CUS-0182,PRD-040,2,19.49,38.98
ORD-01268,2025-06-02,CUS-0002,PRD-014,1,164.13,164.13
ORD-01290,2025-06-02,CUS-0035,PRD-036,4,10.53,42.12
ORD-01309,2025-06-02,CUS-0318,PRD-040,3,19.49,58.47
ORD-00093,2025-06-03,CUS-0154,PRD-020,1,128.49,128.49
ORD-00889,2025-06-03,CUS-0132,PRD-013,1,69.91,69.91
ORD-00925,2025-06-03,CUS-0060,PRD-028,1,425.59,425.59
ORD-01212,2025-06-03,CUS-0279,PRD-025,1,88.05,88.05
ORD-01405,2025-06-03,CUS-0254,PRD-037,5,55.4,277.0
ORD-01940,2025-06-03,CUS-0292,PRD-033,2,10.51,21.02
ORD-00252,2025-06-04,CUS-0178,PRD-035,2,26.07,52.14
ORD-00532,2025-06-04,CUS-0321,PRD-017,4,69.39,277.56
ORD-00952,2025-06-04,CUS-0206,PRD-020,3,128.49,385.47
ORD-01069,2025-06-04,CUS-0030,PRD-028,3,425.59,1276.77
ORD-01424,2025-06-04,CUS-0376,PRD-019,1,51.1,51.1
ORD-01610,2025-06-04,CUS-0041,PRD-028,1,425.59,425.59
ORD-01649,2025-06-04,CUS-0242,PRD-035,6,26.07,156.42
ORD-01856,2025-06-04,CUS-0395,PRD-022,3,334.91,1004.73
ORD-00264,2025-06-05,CUS-0285,PRD-019,5,51.1,255.5
ORD-00373,2025-06-05,CUS-0058,PRD-029,1,106.8,106.8
ORD-00873,2025-06-05,CUS-0290,PRD-020,1,128.49,128.49
ORD-01233,2025-06-05,CUS-0252,PRD-024,5,260.78,1303.9
ORD-01420,2025-06-05,CUS-0184,PRD-031,3,16.59,49.77
ORD-00052,2025-06-06,CUS-0375,PRD-032,2,70.79,141.58
ORD-00137,2025-06-06,CUS-0051,PRD-033,4,10.51,42.04
ORD-00302,2025-06-06,CUS-0060,PRD-035,2,26.07,52.14
ORD-00462,2025-06-06,CUS-0011,PRD-009,2,10.5,21.0
ORD-00787,2025-06-06,CUS-0179,PRD-012,4,94.32,377.28
ORD-00807,2025-06-06,CUS-0225,PRD-026,3,98.58,295.74
ORD-01035,2025-06-06,CUS-0014,PRD-001,1,19.27,19.27
ORD-01312,2025-06-06,CUS-0141,PRD-010,1,13.11,13.11
ORD-00426,2025-06-07,CUS-0376,PRD-025,2,88.05,176.1
ORD-00664,2025-06-07,CUS-0325,PRD-020,8,128.49,1027.92
ORD-00780,2025-06-07,CUS-0332,PRD-023,3,136.35,409.05
ORD-00886,2025-06-07,CUS-0099,PRD-028,2,425.59,851.18
ORD-01546,2025-06-07,CUS-0370,PRD-018,4,110.62,442.48
ORD-01708,2025-06-07,CUS-0205,PRD-002,1,35.33,35.33
ORD-01849,2025-06-07,CUS-0103,PRD-015,2,57.87,115.74
ORD-00303,2025-06-08,CUS-0184,PRD-011,2,154.66,309.32
ORD-00377,2025-06-08,CUS-0228,PRD-035,3,26.07,78.21
ORD-00824,2025-06-08,CUS-0159,PRD-028,3,425.59,1276.77
ORD-00875,2025-06-08,CUS-0339,PRD-017,1,69.39,69.39
ORD-00948,2025-06-08,CUS-0371,PRD-022,2,334.91,669.82
ORD-01675,2025-06-08,CUS-0062,PRD-019,1,51.1,51.1
ORD-00982,2025-06-09,CUS-0052,PRD-026,2,98.58,197.16
ORD-00577,2025-06-10,CUS-0231,PRD-018,1,110.62,110.62
ORD-01530,2025-06-10,CUS-0224,PRD-012,3,94.32,282.96
ORD-01704,2025-06-10,CUS-0306,PRD-012,5,94.32,471.6
ORD-00009,2025-06-11,CUS-0301,PRD-038,4,31.77,127.08
ORD-00050,2025-06-11,CUS-0101,PRD-024,3,260.78,782.34
ORD-00090,2025-06-11,CUS-0293,PRD-027,3,408.78,1226.34
ORD-00188,2025-06-11,CUS-0389,PRD-012,2,94.32,188.64
ORD-00742,2025-06-11,CUS-0335,PRD-024,1,260.78,260.78
ORD-00749,2025-06-11,CUS-0329,PRD-018,3,110.62,331.86
ORD-01048,2025-06-11,CUS-0123,PRD-024,1,260.78,260.78
ORD-01053,2025-06-11,CUS-0260,PRD-020,8,128.49,1027.92
ORD-01363,2025-06-11,CUS-0301,PRD-030,3,436.33,1308.99
ORD-01783,2025-06-11,CUS-0276,PRD-013,2,69.91,139.82
ORD-01895,2025-06-11,CUS-0217,PRD-018,10,110.62,1106.2
ORD-00420,2025-06-12,CUS-0090,PRD-018,2,110.62,221.24
ORD-00789,2025-06-12,CUS-0138,PRD-012,5,94.32,471.6
ORD-01175,2025-06-12,CUS-0301,PRD-012,10,94.32,943.2
ORD-01630,2025-06-12,CUS-0234,PRD-032,3,70.79,212.37
ORD-00341,2025-06-13,CUS-0345,PRD-023,10,136.35,1363.5
ORD-00371,2025-06-13,CUS-0212,PRD-020,1,128.49,128.49
ORD-00551,2025-06-13,CUS-0129,PRD-028,1,425.59,425.59
ORD-00848,2025-06-13,CUS-0160,PRD-029,1,106.8,106.8
ORD-01159,2025-06-13,CUS-0165,PRD-005,2,19.22,38.44
ORD-01453,2025-06-13,CUS-0333,PRD-009,2,10.5,21.0
ORD-00263,2025-06-14,CUS-0284,PRD-020,4,128.49,513.96
ORD-00424,2025-06-14,CUS-0111,PRD-032,1,70.79,70.79
ORD-00649,2025-06-14,CUS-0354,PRD-026,2,98.58,197.16
ORD-00813,2025-06-14,CUS-0196,PRD-006,1,24.5,24.5
ORD-01018,2025-06-14,CUS-0169,PRD-001,1,19.27,19.27
ORD-01716,2025-06-14,CUS-0146,PRD-035,1,26.07,26.07
ORD-00123,2025-06-15,CUS-0012,PRD-025,2,88.05,176.1
ORD-00307,2025-06-15,CUS-0137,PRD-004,5,28.11,140.55
ORD-00696,2025-06-15,CUS-0320,PRD-017,4,69.39,277.56
ORD-00858,2025-06-15,CUS-0180,PRD-004,1,28.11,28.11
ORD-01146,2025-06-15,CUS-0347,PRD-031,3,16.59,49.77
ORD-00116,2025-06-16,CUS-0294,PRD-029,1,106.8,106.8
ORD-00595,2025-06-16,CUS-0155,PRD-003,1,9.61,9.61
ORD-00888,2025-06-16,CUS-0119,PRD-028,5,425.59,2127.95
ORD-01234,2025-06-16,CUS-0399,PRD-021,8,198.7,1589.6
ORD-00663,2025-06-17,CUS-0103,PRD-012,6,94.32,565.92
ORD-00850,2025-06-17,CUS-0306,PRD-012,1,94.32,94.32
ORD-01209,2025-06-17,CUS-0186,PRD-036,3,10.53,31.59
ORD-01374,2025-06-17,CUS-0332,PRD-037,2,55.4,110.8
ORD-01479,2025-06-17,CUS-0020,PRD-013,4,69.91,279.64
ORD-01526,2025-06-17,CUS-0231,PRD-001,1,19.27,19.27
ORD-01688,2025-06-17,CUS-0068,PRD-011,3,154.66,463.98
ORD-01972,2025-06-17,CUS-0241,PRD-016,3,131.25,393.75
ORD-00540,2025-06-18,CUS-0272,PRD-002,3,35.33,105.99
ORD-00835,2025-06-18,CUS-0040,PRD-004,6,28.11,168.66
ORD-01183,2025-06-18,CUS-0093,PRD-010,1,13.11,13.11
ORD-00274,2025-06-19,CUS-0033,PRD-001,4,19.27,77.08
ORD-00411,2025-06-19,CUS-0144,PRD-026,1,98.58,98.58
ORD-00507,2025-06-19,CUS-0218,PRD-003,1,9.61,9.61
ORD-00779,2025-06-19,CUS-0037,PRD-028,3,425.59,1276.77
ORD-01080,2025-06-19,CUS-0321,PRD-019,2,51.1,102.2
ORD-01520,2025-06-19,CUS-0329,PRD-013,2,69.91,139.82
ORD-01724,2025-06-19,CUS-0254,PRD-031,2,16.59,33.18
ORD-01810,2025-06-19,CUS-0080,PRD-028,1,425.59,425.59
ORD-01317,2025-06-20,CUS-0197,PRD-018,2,110.62,221.24
ORD-01552,2025-06-20,CUS-0395,PRD-028,1,425.59,425.59
ORD-01741,2025-06-20,CUS-0202,PRD-040,4,19.49,77.96
ORD-00085,2025-06-21,CUS-0099,PRD-029,1,106.8,106.8
ORD-00191,2025-06-21,CUS-0270,PRD-029,1,106.8,106.8
ORD-00327,2025-06-21,CUS-0291,PRD-037,4,55.4,221.6
ORD-00382,2025-06-21,CUS-0164,PRD-029,5,106.8,534.0
ORD-00788,2025-06-21,CUS-0241,PRD-014,4,164.13,656.52
ORD-00796,2025-06-21,CUS-0203,PRD-006,4,24.5,98.0
ORD-00910,2025-06-21,CUS-0130,PRD-012,1,94.32,94.32
ORD-01390,2025-06-21,CUS-0291,PRD-017,1,69.39,69.39
ORD-01439,2025-06-21,CUS-0074,PRD-028,1,425.59,425.59
ORD-01470,2025-06-21,CUS-0029,PRD-012,2,94.32,188.64
ORD-00236,2025-06-22,CUS-0013,PRD-001,2,19.27,38.54
ORD-00306,2025-06-22,CUS-0355,PRD-012,5,94.32,471.6
ORD-00398,2025-06-22,CUS-0374,PRD-015,4,57.87,231.48
ORD-00434,2025-06-22,CUS-0195,PRD-012,3,94.32,282.96
ORD-01375,2025-06-22,CUS-0195,PRD-036,1,10.53,10.53
ORD-01748,2025-06-22,CUS-0161,PRD-005,1,19.22,19.22
ORD-01774,2025-06-22,CUS-0363,PRD-039,2,17.91,35.82
ORD-01962,2025-06-22,CUS-0314,PRD-026,1,98.58,98.58
ORD-01978,2025-06-22,CUS-0262,PRD-004,2,28.11,56.22
ORD-00970,2025-06-23,CUS-0110,PRD-008,4,16.08,64.32
ORD-01568,2025-06-23,CUS-0359,PRD-024,6,260.78,1564.68
ORD-01645,2025-06-23,CUS-0126,PRD-004,4,28.11,112.44
ORD-01858,2025-06-23,CUS-0119,PRD-012,2,94.32,188.64
ORD-00478,2025-06-24,CUS-0339,PRD-009,1,10.5,10.5
ORD-00706,2025-06-24,CUS-0199,PRD-030,5,436.33,2181.65
ORD-01007,2025-06-24,CUS-0359,PRD-030,2,436.33,872.66
ORD-01356,2025-06-24,CUS-0063,PRD-019,3,51.1,153.3
ORD-01847,2025-06-24,CUS-0326,PRD-040,1,19.49,19.49
ORD-00408,2025-06-25,CUS-0350,PRD-025,1,88.05,88.05
ORD-00487,2025-06-25,CUS-0012,PRD-021,1,198.7,198.7
ORD-00659,2025-06-25,CUS-0022,PRD-012,3,94.32,282.96
ORD-00938,2025-06-25,CUS-0240,PRD-011,1,154.66,154.66
ORD-00201,2025-06-26,CUS-0102,PRD-016,3,131.25,393.75
ORD-00544,2025-06-26,CUS-0354,PRD-023,4,136.35,545.4
ORD-00806,2025-06-26,CUS-0298,PRD-002,1,35.33,35.33
ORD-00856,2025-06-26,CUS-0004,PRD-028,1,425.59,425.59
ORD-01512,2025-06-26,CUS-0381,PRD-014,3,164.13,492.39
ORD-01670,2025-06-26,CUS-0335,PRD-007,8,10.68,85.44
ORD-00234,2025-06-27,CUS-0087,PRD-018,2,110.62,221.24
ORD-00443,2025-06-27,CUS-0190,PRD-015,3,57.87,173.61
ORD-00504,2025-06-27,CUS-0268,PRD-025,1,88.05,88.05
ORD-01004,2025-06-27,CUS-0216,PRD-031,1,16.59,16.59
ORD-01388,2025-06-27,CUS-0298,PRD-024,2,260.78,521.56
ORD-01416,2025-06-27,CUS-0033,PRD-024,10,260.78,2607.8
ORD-01419,2025-06-27,CUS-0335,PRD-024,2,260.78,521.56
ORD-01873,2025-06-27,CUS-0188,PRD-036,2,10.53,21.06
ORD-00132,2025-06-28,CUS-0243,PRD-030,10,436.33,4363.3
ORD-00256,2025-06-28,CUS-0324,PRD-004,1,28.11,28.11
ORD-00331,2025-06-28,CUS-0366,PRD-029,1,106.8,106.8
ORD-01119,2025-06-28,CUS-0126,PRD-012,10,94.32,943.2
ORD-00289,2025-06-29,CUS-0260,PRD-033,6,10.51,63.06
ORD-00325,2025-06-29,CUS-0126,PRD-012,1,94.32,94.32
ORD-00381,2025-06-29,CUS-0236,PRD-034,4,45.84,183.36
ORD-00453,2025-06-29,CUS-0274,PRD-003,5,9.61,48.05
ORD-00869,2025-06-29,CUS-0214,PRD-028,1,425.59,425.59
ORD-01315,2025-06-29,CUS-0295,PRD-024,4,260.78,1043.12
ORD-01359,2025-06-29,CUS-0214,PRD-012,1,94.32,94.32
ORD-00065,2025-06-30,CUS-0054,PRD-018,4,110.62,442.48
ORD-00113,2025-06-30,CUS-0120,PRD-031,3,16.59,49.77
ORD-00782,2025-06-30,CUS-0206,PRD-014,4,164.13,656.52
ORD-00871,2025-06-30,CUS-0078,PRD-028,4,425.59,1702.36
ORD-01705,2025-06-30,CUS-0271,PRD-004,1,28.11,28.11
ORD-01989,2025-06-30,CUS-0266,PRD-028,2,425.59,851.18
ORD-00063,2025-07-01,CUS-0285,PRD-031,4,16.59,66.36
ORD-00324,2025-07-01,CUS-0048,PRD-022,5,334.91,1674.55
ORD-00380,2025-07-02,CUS-0195,PRD-036,8,10.53,84.24
ORD-01034,2025-07-02,CUS-0110,PRD-017,3,69.39,208.17
ORD-00164,2025-07-03,CUS-0398,PRD-028,1,425.59,425.59
ORD-00512,2025-07-03,CUS-0127,PRD-008,2,16.08,32.16
ORD-00562,2025-07-03,CUS-0385,PRD-014,2,164.13,328.26
ORD-01245,2025-07-03,CUS-0119,PRD-026,2,98.58,197.16
ORD-01464,2025-07-03,CUS-0393,PRD-025,6,88.05,528.3
ORD-01791,2025-07-03,CUS-0334,PRD-028,10,425.59,4255.9
ORD-01853,2025-07-03,CUS-0145,PRD-025,2,88.05,176.1
ORD-00337,2025-07-04,CUS-0377,PRD-018,1,110.62,110.62
ORD-00407,2025-07-04,CUS-0166,PRD-032,1,70.79,70.79
ORD-00553,2025-07-04,CUS-0112,PRD-023,3,136.35,409.05
ORD-00638,2025-07-04,CUS-0129,PRD-023,1,136.35,136.35
ORD-01746,2025-07-04,CUS-0190,PRD-013,3,69.91,209.73
ORD-00200,2025-07-05,CUS-0318,PRD-033,1,10.51,10.51
ORD-00319,2025-07-05,CUS-0375,PRD-033,1,10.51,10.51
ORD-01131,2025-07-05,CUS-0193,PRD-023,8,136.35,1090.8
ORD-01447,2025-07-05,CUS-0114,PRD-032,4,70.79,283.16
ORD-01797,2025-07-05,CUS-0109,PRD-034,1,45.84,45.84
ORD-00023,2025-07-06,CUS-0285,PRD-003,6,9.61,57.66
ORD-00715,2025-07-06,CUS-0073,PRD-012,2,94.32,188.64
ORD-01155,2025-07-06,CUS-0069,PRD-024,5,260.78,1303.9
ORD-01180,2025-07-06,CUS-0289,PRD-020,1,128.49,128.49
ORD-01745,2025-07-06,CUS-0121,PRD-020,2,128.49,256.98
ORD-00040,2025-07-07,CUS-0278,PRD-022,8,334.91,2679.28
ORD-01059,2025-07-07,CUS-0211,PRD-012,8,94.32,754.56
ORD-00030,2025-07-08,CUS-0026,PRD-031,6,16.59,99.54
ORD-00160,2025-07-08,CUS-0348,PRD-018,8,110.62,884.96
ORD-00315,2025-07-08,CUS-0147,PRD-003,6,9.61,57.66
ORD-00744,2025-07-08,CUS-0257,PRD-013,1,69.91,69.91
ORD-00001,2025-07-09,CUS-0049,PRD-023,2,136.35,272.7
ORD-00686,2025-07-09,CUS-0069,PRD-039,4,17.91,71.64
ORD-00720,2025-07-09,CUS-0004,PRD-011,8,154.66,1237.28
ORD-01086,2025-07-09,CUS-0264,PRD-004,1,28.11,28.11
ORD-01458,2025-07-09,CUS-0314,PRD-012,6,94.32,565.92
ORD-01756,2025-07-09,CUS-0278,PRD-015,1,57.87,57.87
ORD-01942,2025-07-09,CUS-0224,PRD-012,2,94.32,188.64
ORD-00258,2025-07-10,CUS-0306,PRD-035,8,26.07,208.56
ORD-00449,2025-07-10,CUS-0020,PRD-004,1,28.11,28.11
ORD-00612,2025-07-10,CUS-0284,PRD-021,5,198.7,993.5
ORD-00636,2025-07-10,CUS-0189,PRD-029,2,106.8,213.6
ORD-00859,2025-07-10,CUS-0256,PRD-034,1,45.84,45.84
ORD-01071,2025-07-10,CUS-0065,PRD-024,10,260.78,2607.8
ORD-01260,2025-07-10,CUS-0390,PRD-030,8,436.33,3490.64
ORD-01283,2025-07-10,CUS-0350,PRD-003,4,9.61,38.44
ORD-01432,2025-07-10,CUS-0392,PRD-008,5,16.08,80.4
ORD-01691,2025-07-10,CUS-0347,PRD-017,6,69.39,416.34
ORD-01795,2025-07-10,CUS-0110,PRD-012,2,94.32,188.64
ORD-01842,2025-07-10,CUS-0004,PRD-019,1,51.1,51.1
ORD-00153,2025-07-11,CUS-0333,PRD-030,1,436.33,436.33
ORD-00593,2025-07-11,CUS-0249,PRD-022,4,334.91,1339.64
ORD-01191,2025-07-11,CUS-0152,PRD-010,2,13.11,26.22
ORD-01437,2025-07-11,CUS-0062,PRD-023,6,136.35,818.1
ORD-01634,2025-07-11,CUS-0045,PRD-020,1,128.49,128.49
ORD-00396,2025-07-12,CUS-0126,PRD-012,1,94.32,94.32
ORD-00455,2025-07-12,CUS-0076,PRD-014,3,164.13,492.39
ORD-01092,2025-07-12,CUS-0116,PRD-028,5,425.59,2127.95
ORD-01271,2025-07-12,CUS-0009,PRD-012,1,94.32,94.32
ORD-01629,2025-07-12,CUS-0055,PRD-012,3,94.32,282.96
ORD-00244,2025-07-13,CUS-0217,PRD-003,3,9.61,28.83
ORD-00644,2025-07-13,CUS-0103,PRD-012,4,94.32,377.28
ORD-00803,2025-07-13,CUS-0297,PRD-020,8,128.49,1027.92
ORD-01661,2025-07-13,CUS-0243,PRD-001,5,19.27,96.35
ORD-01906,2025-07-13,CUS-0382,PRD-017,1,69.39,69.39
ORD-00058,2025-07-14,CUS-0053,PRD-001,1,19.27,19.27
ORD-00226,2025-07-14,CUS-0027,PRD-019,2,51.1,102.2
ORD-00304,2025-07-14,CUS-0297,PRD-026,5,98.58,492.9
ORD-00402,2025-07-14,CUS-0213,PRD-026,2,98.58,197.16
ORD-00931,2025-07-14,CUS-0105,PRD-007,3,10.68,32.04
ORD-01189,2025-07-14,CUS-0384,PRD-028,5,425.59,2127.95
ORD-01555,2025-07-14,CUS-0203,PRD-040,6,19.49,116.94
ORD-01570,2025-07-14,CUS-0379,PRD-019,2,51.1,102.2
ORD-01764,2025-07-14,CUS-0272,PRD-029,1,106.8,106.8
ORD-01844,2025-07-14,CUS-0264,PRD-004,3,28.11,84.33
ORD-01929,2025-07-14,CUS-0147,PRD-023,1,136.35,136.35
ORD-00210,2025-07-15,CUS-0157,PRD-008,3,16.08,48.24
ORD-00472,2025-07-15,CUS-0161,PRD-026,1,98.58,98.58
ORD-00587,2025-07-15,CUS-0066,PRD-029,1,106.8,106.8
ORD-00656,2025-07-15,CUS-0024,PRD-025,1,88.05,88.05
ORD-00993,2025-07-15,CUS-0018,PRD-010,2,13.11,26.22
ORD-01204,2025-07-15,CUS-0123,PRD-007,3,10.68,32.04
ORD-01249,2025-07-15,CUS-0350,PRD-024,1,260.78,260.78
ORD-00049,2025-07-16,CUS-0077,PRD-004,2,28.11,56.22
ORD-00442,2025-07-16,CUS-0313,PRD-025,5,88.05,440.25
ORD-00768,2025-07-16,CUS-0200,PRD-022,10,334.91,3349.1
ORD-00860,2025-07-16,CUS-0030,PRD-017,5,69.39,346.95
ORD-01506,2025-07-16,CUS-0028,PRD-024,2,260.78,521.56
ORD-00468,2025-07-17,CUS-0153,PRD-027,4,408.78,1635.12
ORD-00753,2025-07-17,CUS-0092,PRD-011,1,154.66,154.66
ORD-01641,2025-07-17,CUS-0309,PRD-012,2,94.32,188.64
ORD-00155,2025-07-18,CUS-0291,PRD-030,2,436.33,872.66
ORD-00495,2025-07-18,CUS-0380,PRD-019,3,51.1,153.3
ORD-00620,2025-07-18,CUS-0008,PRD-016,1,131.25,131.25
ORD-00702,2025-07-18,CUS-0053,PRD-032,2,70.79,141.58
ORD-01265,2025-07-18,CUS-0254,PRD-005,6,19.22,115.32
ORD-01727,2025-07-18,CUS-0162,PRD-031,3,16.59,49.77
ORD-00320,2025-07-19,CUS-0172,PRD-009,1,10.5,10.5
ORD-00505,2025-07-19,CUS-0193,PRD-026,1,98.58,98.58
ORD-00528,2025-07-19,CUS-0259,PRD-012,1,94.32,94.32
ORD-00554,2025-07-19,CUS-0158,PRD-005,4,19.22,76.88
ORD-00915,2025-07-19,CUS-0075,PRD-024,8,260.78,2086.24
ORD-01672,2025-07-19,CUS-0387,PRD-003,4,9.61,38.44
ORD-01684,2025-07-19,CUS-0130,PRD-003,3,9.61,28.83
ORD-01698,2025-07-19,CUS-0264,PRD-026,1,98.58,98.58
ORD-00177,2025-07-20,CUS-0007,PRD-029,4,106.8,427.2
ORD-00190,2025-07-20,CUS-0188,PRD-034,2,45.84,91.68
ORD-00736,2025-07-20,CUS-0085,PRD-020,3,128.49,385.47
ORD-01326,2025-07-20,CUS-0289,PRD-012,3,94.32,282.96
ORD-01418,2025-07-20,CUS-0141,PRD-003,1,9.61,9.61
ORD-01510,2025-07-20,CUS-0222,PRD-012,1,94.32,94.32
ORD-01811,2025-07-20,CUS-0146,PRD-032,4,70.79,283.16
ORD-00110,2025-07-21,CUS-0329,PRD-005,8,19.22,153.76
ORD-01644,2025-07-21,CUS-0308,PRD-024,3,260.78,782.34
ORD-00091,2025-07-22,CUS-0210,PRD-002,3,35.33,105.99
ORD-00646,2025-07-22,CUS-0261,PRD-018,1,110.62,110.62
ORD-01137,2025-07-22,CUS-0073,PRD-026,6,98.58,591.48
ORD-01349,2025-07-22,CUS-0287,PRD-015,4,57.87,231.48
ORD-01450,2025-07-22,CUS-0008,PRD-012,1,94.32,94.32
ORD-01879,2025-07-22,CUS-0286,PRD-032,4,70.79,283.16
ORD-00010,2025-07-23,CUS-0168,PRD-010,6,13.11,78.66
ORD-00105,2025-07-23,CUS-0368,PRD-030,3,436.33,1308.99
ORD-00112,2025-07-23,CUS-0182,PRD-027,1,408.78,408.78
ORD-00989,2025-07-23,CUS-0067,PRD-026,5,98.58,492.9
ORD-01115,2025-07-23,CUS-0121,PRD-003,1,9.61,9.61
ORD-01487,2025-07-23,CUS-0209,PRD-019,2,51.1,102.2
ORD-00101,2025-07-24,CUS-0215,PRD-011,2,154.66,309.32
ORD-00333,2025-07-24,CUS-0290,PRD-013,10,69.91,699.1
ORD-00757,2025-07-24,CUS-0058,PRD-039,2,17.91,35.82
ORD-01511,2025-07-24,CUS-0374,PRD-010,4,13.11,52.44
ORD-01717,2025-07-24,CUS-0355,PRD-004,2,28.11,56.22
ORD-00092,2025-07-25,CUS-0203,PRD-034,2,45.84,91.68
ORD-00691,2025-07-25,CUS-0016,PRD-040,1,19.49,19.49
ORD-00693,2025-07-25,CUS-0159,PRD-010,3,13.11,39.33
ORD-00814,2025-07-25,CUS-0345,PRD-028,1,425.59,425.59
ORD-01228,2025-07-25,CUS-0107,PRD-008,1,16.08,16.08
ORD-01236,2025-07-25,CUS-0368,PRD-009,1,10.5,10.5
ORD-01263,2025-07-25,CUS-0039,PRD-029,1,106.8,106.8
ORD-01719,2025-07-25,CUS-0357,PRD-031,1,16.59,16.59
ORD-01472,2025-07-26,CUS-0109,PRD-014,4,164.13,656.52
ORD-01517,2025-07-26,CUS-0026,PRD-027,8,408.78,3270.24
ORD-01528,2025-07-26,CUS-0257,PRD-025,3,88.05,264.15
ORD-01616,2025-07-26,CUS-0159,PRD-012,5,94.32,471.6
ORD-00723,2025-07-27,CUS-0084,PRD-035,1,26.07,26.07
ORD-00891,2025-07-27,CUS-0290,PRD-001,2,19.27,38.54
ORD-01108,2025-07-27,CUS-0205,PRD-010,1,13.11,13.11
ORD-01482,2025-07-27,CUS-0341,PRD-014,4,164.13,656.52
ORD-01604,2025-07-27,CUS-0239,PRD-027,1,408.78,408.78
ORD-01658,2025-07-27,CUS-0091,PRD-026,4,98.58,394.32
ORD-00198,2025-07-28,CUS-0053,PRD-012,2,94.32,188.64
ORD-00607,2025-07-28,CUS-0114,PRD-008,1,16.08,16.08
ORD-01170,2025-07-28,CUS-0182,PRD-025,2,88.05,176.1
ORD-01882,2025-07-28,CUS-0147,PRD-010,5,13.11,65.55
ORD-00581,2025-07-29,CUS-0344,PRD-010,2,13.11,26.22
ORD-00764,2025-07-29,CUS-0155,PRD-010,2,13.11,26.22
ORD-00926,2025-07-29,CUS-0181,PRD-038,8,31.77,254.16
ORD-01038,2025-07-29,CUS-0021,PRD-015,2,57.87,115.74
ORD-01711,2025-07-29,CUS-0110,PRD-006,4,24.5,98.0
ORD-01743,2025-07-29,CUS-0216,PRD-022,8,334.91,2679.28
ORD-00072,2025-07-30,CUS-0322,PRD-012,6,94.32,565.92
ORD-00435,2025-07-30,CUS-0355,PRD-030,3,436.33,1308.99
ORD-00643,2025-07-30,CUS-0262,PRD-040,1,19.49,19.49
ORD-01559,2025-07-30,CUS-0261,PRD-017,2,69.39,138.78
ORD-01651,2025-07-30,CUS-0173,PRD-024,6,260.78,1564.68
ORD-00440,2025-07-31,CUS-0283,PRD-003,2,9.61,19.22
ORD-01763,2025-07-31,CUS-0013,PRD-003,2,9.61,19.22
ORD-01784,2025-07-31,CUS-0355,PRD-036,5,10.53,52.65
ORD-02000,2025-07-31,CUS-0356,PRD-012,3,94.32,282.96
ORD-00594,2025-08-01,CUS-0350,PRD-024,4,260.78,1043.12
ORD-00622,2025-08-01,CUS-0259,PRD-022,2,334.91,669.82
ORD-00062,2025-08-02,CUS-0076,PRD-027,1,408.78,408.78
ORD-00981,2025-08-02,CUS-0398,PRD-028,5,425.59,2127.95
ORD-00106,2025-08-03,CUS-0206,PRD-004,2,28.11,56.22
ORD-00246,2025-08-03,CUS-0102,PRD-023,4,136.35,545.4
ORD-00509,2025-08-03,CUS-0340,PRD-025,2,88.05,176.1
ORD-01590,2025-08-03,CUS-0355,PRD-016,2,131.25,262.5
ORD-01860,2025-08-03,CUS-0105,PRD-040,1,19.49,19.49
ORD-00078,2025-08-04,CUS-0295,PRD-035,1,26.07,26.07
ORD-00571,2025-08-04,CUS-0360,PRD-027,2,408.78,817.56
ORD-00836,2025-08-04,CUS-0007,PRD-017,4,69.39,277.56
ORD-01186,2025-08-04,CUS-0064,PRD-021,1,198.7,198.7
ORD-01208,2025-08-04,CUS-0036,PRD-008,1,16.08,16.08
ORD-01301,2025-08-04,CUS-0159,PRD-012,2,94.32,188.64
ORD-01664,2025-08-04,CUS-0400,PRD-014,8,164.13,1313.04
ORD-00864,2025-08-05,CUS-0226,PRD-032,2,70.79,141.58
ORD-00012,2025-08-06,CUS-0211,PRD-008,1,16.08,16.08
ORD-00074,2025-08-06,CUS-0274,PRD-003,2,9.61,19.22
ORD-00318,2025-08-06,CUS-0299,PRD-011,3,154.66,463.98
ORD-00367,2025-08-06,CUS-0252,PRD-003,6,9.61,57.66
ORD-00413,2025-08-06,CUS-0210,PRD-036,3,10.53,31.59
ORD-00887,2025-08-06,CUS-0020,PRD-011,10,154.66,1546.6
ORD-00943,2025-08-06,CUS-0171,PRD-011,3,154.66,463.98
ORD-00975,2025-08-06,CUS-0297,PRD-032,5,70.79,353.95
ORD-01001,2025-08-06,CUS-0378,PRD-002,5,35.33,176.65
ORD-00379,2025-08-07,CUS-0087,PRD-028,6,425.59,2553.54
ORD-00519,2025-08-07,CUS-0107,PRD-028,3,425.59,1276.77
ORD-00558,2025-08-07,CUS-0116,PRD-026,3,98.58,295.74
ORD-00561,2025-08-07,CUS-0228,PRD-010,3,13.11,39.33
ORD-01979,2025-08-07,CUS-0247,PRD-029,1,106.8,106.8
ORD-00042,2025-08-08,CUS-0335,PRD-013,2,69.91,139.82
ORD-00311,2025-08-08,CUS-0122,PRD-017,2,69.39,138.78
ORD-00531,2025-08-08,CUS-0328,PRD-039,1,17.91,17.91
ORD-00033,2025-08-09,CUS-0236,PRD-038,2,31.77,63.54
ORD-00310,2025-08-09,CUS-0384,PRD-013,5,69.91,349.55
ORD-00323,2025-08-09,CUS-0321,PRD-032,3,70.79,212.37
ORD-00415,2025-08-09,CUS-0092,PRD-013,1,69.91,69.91
ORD-00524,2025-08-09,CUS-0216,PRD-024,4,260.78,1043.12
ORD-01002,2025-08-09,CUS-0126,PRD-001,1,19.27,19.27
ORD-01396,2025-08-09,CUS-0042,PRD-018,2,110.62,221.24
ORD-01742,2025-08-09,CUS-0266,PRD-015,6,57.87,347.22
ORD-00127,2025-08-10,CUS-0265,PRD-003,1,9.61,9.61
ORD-00853,2025-08-10,CUS-0033,PRD-012,10,94.32,943.2
ORD-01093,2025-08-10,CUS-0241,PRD-034,3,45.84,137.52
ORD-01364,2025-08-10,CUS-0038,PRD-029,10,106.8,1068.0
ORD-01529,2025-08-10,CUS-0136,PRD-001,1,19.27,19.27
ORD-01982,2025-08-10,CUS-0244,PRD-016,2,131.25,262.5
ORD-00365,2025-08-11,CUS-0237,PRD-030,2,436.33,872.66
ORD-00432,2025-08-11,CUS-0159,PRD-001,5,19.27,96.35
ORD-00444,2025-08-11,CUS-0171,PRD-001,1,19.27,19.27
ORD-01379,2025-08-11,CUS-0305,PRD-012,2,94.32,188.64
ORD-01397,2025-08-11,CUS-0020,PRD-024,2,260.78,521.56
ORD-01415,2025-08-11,CUS-0170,PRD-027,3,408.78,1226.34
ORD-01541,2025-08-11,CUS-0342,PRD-001,2,19.27,38.54
ORD-00032,2025-08-12,CUS-0367,PRD-012,1,94.32,94.32
ORD-00184,2025-08-12,CUS-0386,PRD-029,2,106.8,213.6
ORD-00506,2025-08-12,CUS-0180,PRD-012,1,94.32,94.32
ORD-01327,2025-08-12,CUS-0368,PRD-017,8,69.39,555.12
ORD-01490,2025-08-12,CUS-0333,PRD-020,5,128.49,642.45
ORD-00121,2025-08-13,CUS-0165,PRD-008,5,16.08,80.4
ORD-00171,2025-08-13,CUS-0318,PRD-012,2,94.32,188.64
ORD-00162,2025-08-14,CUS-0240,PRD-012,1,94.32,94.32
ORD-00852,2025-08-14,CUS-0027,PRD-031,4,16.59,66.36
ORD-01063,2025-08-14,CUS-0385,PRD-027,3,408.78,1226.34
ORD-01224,2025-08-14,CUS-0330,PRD-024,2,260.78,521.56
ORD-00471,2025-08-15,CUS-0060,PRD-023,2,136.35,272.7
ORD-00493,2025-08-15,CUS-0150,PRD-037,1,55.4,55.4
ORD-00583,2025-08-15,CUS-0353,PRD-007,5,10.68,53.4
ORD-00662,2025-08-15,CUS-0102,PRD-006,1,24.5,24.5
ORD-01100,2025-08-15,CUS-0305,PRD-029,3,106.8,320.4
ORD-01423,2025-08-15,CUS-0271,PRD-032,4,70.79,283.16
ORD-00635,2025-08-16,CUS-0315,PRD-025,5,88.05,440.25
ORD-00695,2025-08-16,CUS-0389,PRD-022,4,334.91,1339.64
ORD-01407,2025-08-16,CUS-0387,PRD-023,4,136.35,545.4
ORD-00668,2025-08-17,CUS-0151,PRD-008,1,16.08,16.08
ORD-01032,2025-08-17,CUS-0362,PRD-012,5,94.32,471.6
ORD-01787,2025-08-17,CUS-0256,PRD-026,1,98.58,98.58
ORD-01901,2025-08-17,CUS-0338,PRD-014,8,164.13,1313.04
ORD-00115,2025-08-18,CUS-0156,PRD-029,10,106.8,1068.0
ORD-00344,2025-08-18,CUS-0262,PRD-026,5,98.58,492.9
ORD-00627,2025-08-18,CUS-0247,PRD-001,1,19.27,19.27
ORD-00759,2025-08-18,CUS-0170,PRD-035,3,26.07,78.21
ORD-01689,2025-08-18,CUS-0047,PRD-028,1,425.59,425.59
ORD-00149,2025-08-19,CUS-0207,PRD-006,1,24.5,24.5
ORD-00356,2025-08-19,CUS-0076,PRD-037,1,55.4,55.4
ORD-00740,2025-08-19,CUS-0234,PRD-001,3,19.27,57.81
ORD-01376,2025-08-19,CUS-0387,PRD-010,10,13.11,131.1
ORD-01377,2025-08-19,CUS-0380,PRD-029,2,106.8,213.6
ORD-01898,2025-08-19,CUS-0278,PRD-017,2,69.39,138.78
ORD-00818,2025-08-20,CUS-0327,PRD-029,2,106.8,213.6
ORD-00082,2025-08-21,CUS-0052,PRD-028,5,425.59,2127.95
ORD-00125,2025-08-21,CUS-0333,PRD-012,4,94.32,377.28
ORD-00699,2025-08-21,CUS-0016,PRD-029,2,106.8,213.6
ORD-00930,2025-08-21,CUS-0011,PRD-040,2,19.49,38.98
ORD-01109,2025-08-21,CUS-0365,PRD-011,1,154.66,154.66
ORD-01203,2025-08-21,CUS-0230,PRD-011,3,154.66,463.98
ORD-01800,2025-08-21,CUS-0022,PRD-017,5,69.39,346.95
ORD-01994,2025-08-21,CUS-0051,PRD-009,2,10.5,21.0
ORD-00183,2025-08-22,CUS-0188,PRD-012,8,94.32,754.56
ORD-00400,2025-08-22,CUS-0025,PRD-024,2,260.78,521.56
ORD-01141,2025-08-22,CUS-0204,PRD-023,1,136.35,136.35
ORD-00229,2025-08-23,CUS-0340,PRD-019,2,51.1,102.2
ORD-00767,2025-08-23,CUS-0373,PRD-037,1,55.4,55.4
ORD-01114,2025-08-23,CUS-0081,PRD-005,4,19.22,76.88
ORD-01577,2025-08-23,CUS-0230,PRD-008,1,16.08,16.08
ORD-01700,2025-08-23,CUS-0333,PRD-023,1,136.35,136.35
ORD-01996,2025-08-23,CUS-0071,PRD-028,4,425.59,1702.36
ORD-00098,2025-08-24,CUS-0054,PRD-040,4,19.49,77.96
ORD-01354,2025-08-24,CUS-0286,PRD-003,1,9.61,9.61
ORD-01666,2025-08-24,CUS-0176,PRD-024,4,260.78,1043.12
ORD-01828,2025-08-24,CUS-0382,PRD-026,5,98.58,492.9
ORD-01941,2025-08-24,CUS-0036,PRD-012,1,94.32,94.32
ORD-00703,2025-08-25,CUS-0386,PRD-022,1,334.91,334.91
ORD-00719,2025-08-25,CUS-0168,PRD-010,1,13.11,13.11
ORD-01558,2025-08-25,CUS-0330,PRD-008,5,16.08,80.4
ORD-01988,2025-08-25,CUS-0333,PRD-028,1,425.59,425.59
ORD-00340,2025-08-26,CUS-0337,PRD-026,8,98.58,788.64
ORD-01549,2025-08-26,CUS-0063,PRD-032,10,70.79,707.9
ORD-01798,2025-08-26,CUS-0154,PRD-028,2,425.59,851.18
ORD-01802,2025-08-26,CUS-0041,PRD-040,4,19.49,77.96
ORD-01911,2025-08-26,CUS-0085,PRD-026,1,98.58,98.58
ORD-00745,2025-08-27,CUS-0370,PRD-006,5,24.5,122.5
ORD-01013,2025-08-27,CUS-0386,PRD-027,10,408.78,4087.8
ORD-01029,2025-08-27,CUS-0128,PRD-035,3,26.07,78.21
ORD-01922,2025-08-27,CUS-0361,PRD-005,2,19.22,38.44
ORD-01961,2025-08-27,CUS-0326,PRD-029,5,106.8,534.0
ORD-01963,2025-08-27,CUS-0397,PRD-026,2,98.58,197.16
ORD-01973,2025-08-27,CUS-0120,PRD-030,4,436.33,1745.32
ORD-00045,2025-08-28,CUS-0181,PRD-027,3,408.78,1226.34
ORD-00151,2025-08-28,CUS-0166,PRD-036,1,10.53,10.53
ORD-00262,2025-08-28,CUS-0320,PRD-001,1,19.27,19.27
ORD-01831,2025-08-28,CUS-0384,PRD-028,2,425.59,851.18
ORD-00146,2025-08-29,CUS-0219,PRD-012,1,94.32,94.32
ORD-00212,2025-08-29,CUS-0124,PRD-024,1,260.78,260.78
ORD-01229,2025-08-29,CUS-0061,PRD-006,2,24.5,49.0
ORD-01939,2025-08-29,CUS-0221,PRD-040,3,19.49,58.47
ORD-01944,2025-08-29,CUS-0226,PRD-039,3,17.91,53.73
ORD-00584,2025-08-30,CUS-0035,PRD-016,6,131.25,787.5
ORD-00596,2025-08-30,CUS-0093,PRD-008,1,16.08,16.08
ORD-01536,2025-08-30,CUS-0240,PRD-031,8,16.59,132.72
ORD-01321,2025-08-31,CUS-0210,PRD-028,2,425.59,851.18
ORD-00099,2025-09-01,CUS-0153,PRD-020,1,128.49,128.49
ORD-00182,2025-09-01,CUS-0240,PRD-002,2,35.33,70.66
ORD-00357,2025-09-01,CUS-0141,PRD-029,3,106.8,320.4
ORD-00445,2025-09-01,CUS-0117,PRD-036,2,10.53,21.06
ORD-01081,2025-09-01,CUS-0155,PRD-008,8,16.08,128.64
ORD-00019,2025-09-02,CUS-0298,PRD-018,3,110.62,331.86
ORD-00778,2025-09-02,CUS-0318,PRD-024,1,260.78,260.78
ORD-01574,2025-09-02,CUS-0098,PRD-028,2,425.59,851.18
ORD-01790,2025-09-02,CUS-0136,PRD-029,2,106.8,213.6
ORD-00181,2025-09-03,CUS-0172,PRD-024,2,260.78,521.56
ORD-00385,2025-09-03,CUS-0251,PRD-015,2,57.87,115.74
ORD-01015,2025-09-03,CUS-0113,PRD-004,2,28.11,56.22
ORD-01099,2025-09-03,CUS-0316,PRD-012,2,94.32,188.64
ORD-01243,2025-09-03,CUS-0143,PRD-012,1,94.32,94.32
ORD-01251,2025-09-03,CUS-0172,PRD-003,2,9.61,19.22
ORD-01734,2025-09-03,CUS-0026,PRD-019,2,51.1,102.2
ORD-01969,2025-09-03,CUS-0396,PRD-030,3,436.33,1308.99
ORD-00077,2025-09-04,CUS-0312,PRD-020,2,128.49,256.98
ORD-00273,2025-09-04,CUS-0194,PRD-026,2,98.58,197.16
ORD-00300,2025-09-04,CUS-0239,PRD-004,1,28.11,28.11
ORD-00949,2025-09-04,CUS-0191,PRD-014,3,164.13,492.39
ORD-01446,2025-09-04,CUS-0362,PRD-012,6,94.32,565.92
ORD-01495,2025-09-04,CUS-0160,PRD-019,1,51.1,51.1
ORD-01674,2025-09-04,CUS-0387,PRD-001,4,19.27,77.08
ORD-00335,2025-09-05,CUS-0206,PRD-026,2,98.58,197.16
ORD-00549,2025-09-05,CUS-0227,PRD-029,1,106.8,106.8
ORD-00673,2025-09-05,CUS-0395,PRD-012,3,94.32,282.96
ORD-00823,2025-09-05,CUS-0333,PRD-012,2,94.32,188.64
ORD-00036,2025-09-06,CUS-0170,PRD-020,4,128.49,513.96
ORD-00166,2025-09-06,CUS-0092,PRD-008,4,16.08,64.32
ORD-00580,2025-09-06,CUS-0035,PRD-028,1,425.59,425.59
ORD-00660,2025-09-06,CUS-0036,PRD-011,1,154.66,154.66
ORD-00895,2025-09-06,CUS-0216,PRD-009,6,10.5,63.0
ORD-01305,2025-09-06,CUS-0300,PRD-003,8,9.61,76.88
ORD-01410,2025-09-06,CUS-0158,PRD-016,2,131.25,262.5
ORD-01531,2025-09-06,CUS-0038,PRD-028,1,425.59,425.59
ORD-01749,2025-09-06,CUS-0348,PRD-003,3,9.61,28.83
ORD-00974,2025-09-07,CUS-0018,PRD-026,1,98.58,98.58
ORD-01125,2025-09-07,CUS-0041,PRD-017,1,69.39,69.39
ORD-01232,2025-09-07,CUS-0040,PRD-039,1,17.91,17.91
ORD-01936,2025-09-07,CUS-0033,PRD-028,4,425.59,1702.36
ORD-00094,2025-09-08,CUS-0300,PRD-017,3,69.39,208.17
ORD-00131,2025-09-08,CUS-0087,PRD-028,1,425.59,425.59
ORD-01076,2025-09-08,CUS-0302,PRD-039,1,17.91,17.91
ORD-01457,2025-09-08,CUS-0235,PRD-024,8,260.78,2086.24
ORD-00642,2025-09-09,CUS-0309,PRD-014,2,164.13,328.26
ORD-00707,2025-09-09,CUS-0305,PRD-040,1,19.49,19.49
ORD-00965,2025-09-09,CUS-0279,PRD-002,5,35.33,176.65
ORD-01027,2025-09-09,CUS-0369,PRD-015,3,57.87,173.61
ORD-01351,2025-09-09,CUS-0351,PRD-003,5,9.61,48.05
ORD-01721,2025-09-09,CUS-0085,PRD-036,2,10.53,21.06
ORD-01737,2025-09-10,CUS-0268,PRD-032,1,70.79,70.79
ORD-01897,2025-09-10,CUS-0180,PRD-028,3,425.59,1276.77
ORD-00172,2025-09-11,CUS-0373,PRD-001,3,19.27,57.81
ORD-00316,2025-09-11,CUS-0067,PRD-003,3,9.61,28.83
ORD-01579,2025-09-11,CUS-0335,PRD-028,5,425.59,2127.95
ORD-00018,2025-09-12,CUS-0374,PRD-006,1,24.5,24.5
ORD-00211,2025-09-12,CUS-0100,PRD-010,3,13.11,39.33
ORD-00457,2025-09-12,CUS-0351,PRD-024,1,260.78,260.78
ORD-01259,2025-09-12,CUS-0184,PRD-029,3,106.8,320.4
ORD-00208,2025-09-13,CUS-0086,PRD-017,1,69.39,69.39
ORD-01037,2025-09-13,CUS-0208,PRD-020,2,128.49,256.98
ORD-01492,2025-09-13,CUS-0276,PRD-016,2,131.25,262.5
ORD-00971,2025-09-14,CUS-0165,PRD-024,1,260.78,260.78
ORD-01282,2025-09-14,CUS-0036,PRD-032,2,70.79,141.58
ORD-01456,2025-09-14,CUS-0036,PRD-026,1,98.58,98.58
ORD-01655,2025-09-14,CUS-0213,PRD-020,1,128.49,128.49
ORD-00221,2025-09-15,CUS-0380,PRD-006,4,24.5,98.0
ORD-00430,2025-09-15,CUS-0080,PRD-020,5,128.49,642.45
ORD-01087,2025-09-15,CUS-0109,PRD-012,2,94.32,188.64
ORD-01107,2025-09-15,CUS-0366,PRD-029,5,106.8,534.0
ORD-01494,2025-09-15,CUS-0366,PRD-028,4,425.59,1702.36
ORD-01172,2025-09-16,CUS-0107,PRD-024,1,260.78,260.78
ORD-01488,2025-09-16,CUS-0094,PRD-003,6,9.61,57.66
ORD-00260,2025-09-17,CUS-0254,PRD-030,3,436.33,1308.99
ORD-00438,2025-09-17,CUS-0265,PRD-002,10,35.33,353.3
ORD-00481,2025-09-17,CUS-0085,PRD-008,2,16.08,32.16
ORD-00619,2025-09-18,CUS-0333,PRD-029,1,106.8,106.8
ORD-01177,2025-09-18,CUS-0141,PRD-012,2,94.32,188.64
ORD-01414,2025-09-18,CUS-0074,PRD-025,2,88.05,176.1
ORD-01803,2025-09-18,CUS-0213,PRD-019,6,51.1,306.6
ORD-00523,2025-09-19,CUS-0284,PRD-030,1,436.33,436.33
ORD-00855,2025-09-19,CUS-0366,PRD-028,2,425.59,851.18
ORD-01547,2025-09-19,CUS-0391,PRD-030,8,436.33,3490.64
ORD-00615,2025-09-20,CUS-0386,PRD-017,2,69.39,138.78
ORD-00624,2025-09-20,CUS-0199,PRD-026,1,98.58,98.58
ORD-01770,2025-09-20,CUS-0105,PRD-032,3,70.79,212.37
ORD-01808,2025-09-20,CUS-0320,PRD-012,2,94.32,188.64
ORD-01907,2025-09-20,CUS-0261,PRD-024,1,260.78,260.78
ORD-01306,2025-09-21,CUS-0398,PRD-020,1,128.49,128.49
ORD-01726,2025-09-21,CUS-0318,PRD-025,5,88.05,440.25
ORD-01953,2025-09-21,CUS-0287,PRD-008,1,16.08,16.08
ORD-00750,2025-09-22,CUS-0146,PRD-010,2,13.11,26.22
ORD-01545,2025-09-22,CUS-0050,PRD-023,1,136.35,136.35
ORD-00297,2025-09-23,CUS-0356,PRD-009,1,10.5,10.5
ORD-00658,2025-09-23,CUS-0237,PRD-011,4,154.66,618.64
ORD-00905,2025-09-23,CUS-0064,PRD-019,5,51.1,255.5
ORD-01055,2025-09-23,CUS-0269,PRD-020,2,128.49,256.98
ORD-01348,2025-09-23,CUS-0219,PRD-019,3,51.1,153.3
ORD-01394,2025-09-23,CUS-0056,PRD-024,2,260.78,521.56
ORD-00305,2025-09-24,CUS-0116,PRD-030,6,436.33,2617.98
ORD-00582,2025-09-24,CUS-0298,PRD-035,1,26.07,26.07
ORD-00669,2025-09-24,CUS-0141,PRD-006,4,24.5,98.0
ORD-00892,2025-09-24,CUS-0274,PRD-030,2,436.33,872.66
ORD-01525,2025-09-24,CUS-0265,PRD-027,6,408.78,2452.68
ORD-01561,2025-09-24,CUS-0340,PRD-020,10,128.49,1284.9
ORD-00670,2025-09-25,CUS-0163,PRD-016,4,131.25,525.0
ORD-01389,2025-09-25,CUS-0208,PRD-012,1,94.32,94.32
ORD-01956,2025-09-25,CUS-0339,PRD-027,3,408.78,1226.34
ORD-00061,2025-09-26,CUS-0252,PRD-027,1,408.78,408.78
ORD-00296,2025-09-26,CUS-0220,PRD-029,1,106.8,106.8
ORD-00557,2025-09-26,CUS-0110,PRD-022,4,334.91,1339.64
ORD-00652,2025-09-26,CUS-0298,PRD-035,5,26.07,130.35
ORD-01067,2025-09-26,CUS-0218,PRD-011,1,154.66,154.66
ORD-01164,2025-09-26,CUS-0061,PRD-022,3,334.91,1004.73
ORD-01179,2025-09-26,CUS-0280,PRD-028,3,425.59,1276.77
ORD-01551,2025-09-26,CUS-0125,PRD-024,4,260.78,1043.12
ORD-01255,2025-09-27,CUS-0128,PRD-012,2,94.32,188.64
ORD-01308,2025-09-27,CUS-0067,PRD-024,3,260.78,782.34
ORD-01426,2025-09-27,CUS-0225,PRD-010,1,13.11,13.11
ORD-01499,2025-09-27,CUS-0195,PRD-003,6,9.61,57.66
ORD-01812,2025-09-27,CUS-0048,PRD-012,3,94.32,282.96
ORD-01914,2025-09-27,CUS-0102,PRD-017,2,69.39,138.78
ORD-01967,2025-09-27,CUS-0335,PRD-015,4,57.87,231.48
ORD-01992,2025-09-27,CUS-0014,PRD-028,2,425.59,851.18
ORD-00713,2025-09-28,CUS-0069,PRD-004,2,28.11,56.22
ORD-00730,2025-09-28,CUS-0185,PRD-026,1,98.58,98.58
ORD-00772,2025-09-28,CUS-0287,PRD-012,4,94.32,377.28
ORD-01235,2025-09-28,CUS-0001,PRD-021,3,198.7,596.1
ORD-01821,2025-09-28,CUS-0105,PRD-020,6,128.49,770.94
ORD-01889,2025-09-28,CUS-0099,PRD-012,5,94.32,471.6
ORD-00158,2025-09-29,CUS-0399,PRD-012,3,94.32,282.96
ORD-00606,2025-09-29,CUS-0238,PRD-028,1,425.59,425.59
ORD-00904,2025-09-29,CUS-0327,PRD-012,3,94.32,282.96
ORD-01040,2025-09-29,CUS-0197,PRD-038,5,31.77,158.85
ORD-01060,2025-09-29,CUS-0264,PRD-028,3,425.59,1276.77
ORD-01286,2025-09-29,CUS-0372,PRD-025,4,88.05,352.2
ORD-01299,2025-09-29,CUS-0331,PRD-040,1,19.49,19.49
ORD-01352,2025-09-29,CUS-0243,PRD-038,3,31.77,95.31
ORD-01980,2025-09-29,CUS-0342,PRD-027,5,408.78,2043.9
ORD-00230,2025-09-30,CUS-0222,PRD-019,2,51.1,102.2
ORD-00690,2025-09-30,CUS-0069,PRD-035,2,26.07,52.14
ORD-01020,2025-09-30,CUS-0090,PRD-002,6,35.33,211.98
ORD-01075,2025-09-30,CUS-0272,PRD-011,1,154.66,154.66
ORD-01320,2025-09-30,CUS-0101,PRD-019,2,51.1,102.2
ORD-01481,2025-09-30,CUS-0325,PRD-024,8,260.78,2086.24
ORD-01618,2025-09-30,CUS-0083,PRD-023,8,136.35,1090.8
ORD-01836,2025-09-30,CUS-0090,PRD-015,5,57.87,289.35
ORD-00130,2025-10-01,CUS-0087,PRD-018,3,110.62,331.86
ORD-00266,2025-10-01,CUS-0326,PRD-003,1,9.61,9.61
ORD-00293,2025-10-01,CUS-0232,PRD-001,5,19.27,96.35
ORD-00364,2025-10-01,CUS-0148,PRD-038,4,31.77,127.08
ORD-00765,2025-10-01,CUS-0286,PRD-017,2,69.39,138.78
ORD-01089,2025-10-01,CUS-0026,PRD-016,2,131.25,262.5
ORD-01266,2025-10-01,CUS-0228,PRD-024,1,260.78,260.78
ORD-01489,2025-10-01,CUS-0072,PRD-035,1,26.07,26.07
ORD-00421,2025-10-02,CUS-0123,PRD-005,2,19.22,38.44
ORD-00666,2025-10-02,CUS-0073,PRD-030,3,436.33,1308.99
ORD-00791,2025-10-02,CUS-0382,PRD-035,2,26.07,52.14
ORD-01609,2025-10-02,CUS-0204,PRD-017,5,69.39,346.95
ORD-00173,2025-10-03,CUS-0157,PRD-008,2,16.08,32.16
ORD-00805,2025-10-03,CUS-0068,PRD-028,2,425.59,851.18
ORD-00996,2025-10-03,CUS-0112,PRD-012,2,94.32,188.64
ORD-00154,2025-10-04,CUS-0309,PRD-035,4,26.07,104.28
ORD-00348,2025-10-04,CUS-0293,PRD-027,4,408.78,1635.12
ORD-00816,2025-10-04,CUS-0267,PRD-010,4,13.11,52.44
ORD-01486,2025-10-04,CUS-0347,PRD-024,1,260.78,260.78
ORD-01854,2025-10-04,CUS-0206,PRD-036,4,10.53,42.12
ORD-01948,2025-10-04,CUS-0214,PRD-012,1,94.32,94.32
ORD-00157,2025-10-05,CUS-0139,PRD-012,4,94.32,377.28
ORD-00375,2025-10-05,CUS-0011,PRD-020,6,128.49,770.94
ORD-00883,2025-10-05,CUS-0186,PRD-005,2,19.22,38.44
ORD-01430,2025-10-05,CUS-0120,PRD-008,1,16.08,16.08
ORD-01861,2025-10-05,CUS-0140,PRD-027,1,408.78,408.78
ORD-00006,2025-10-06,CUS-0241,PRD-003,2,9.61,19.22
ORD-00108,2025-10-06,CUS-0277,PRD-028,3,425.59,1276.77
ORD-00237,2025-10-06,CUS-0256,PRD-006,10,24.5,245.0
ORD-00419,2025-10-06,CUS-0024,PRD-012,1,94.32,94.32
ORD-00485,2025-10-06,CUS-0267,PRD-024,5,260.78,1303.9
ORD-00537,2025-10-06,CUS-0235,PRD-023,1,136.35,136.35
ORD-00608,2025-10-06,CUS-0399,PRD-007,2,10.68,21.36
ORD-01569,2025-10-06,CUS-0244,PRD-024,1,260.78,260.78
ORD-00206,2025-10-07,CUS-0013,PRD-017,4,69.39,277.56
ORD-01182,2025-10-07,CUS-0240,PRD-002,1,35.33,35.33
ORD-01277,2025-10-07,CUS-0346,PRD-012,6,94.32,565.92
ORD-01762,2025-10-07,CUS-0170,PRD-008,8,16.08,128.64
ORD-00011,2025-10-08,CUS-0280,PRD-025,1,88.05,88.05
ORD-00456,2025-10-08,CUS-0352,PRD-035,2,26.07,52.14
ORD-00574,2025-10-08,CUS-0383,PRD-013,4,69.91,279.64
ORD-00712,2025-10-08,CUS-0161,PRD-015,1,57.87,57.87
ORD-00717,2025-10-08,CUS-0288,PRD-040,8,19.49,155.92
ORD-00735,2025-10-08,CUS-0151,PRD-011,6,154.66,927.96
ORD-00760,2025-10-08,CUS-0198,PRD-004,1,28.11,28.11
ORD-01110,2025-10-08,CUS-0257,PRD-011,3,154.66,463.98
ORD-01304,2025-10-08,CUS-0308,PRD-016,10,131.25,1312.5
ORD-01826,2025-10-08,CUS-0002,PRD-032,3,70.79,212.37
ORD-01958,2025-10-08,CUS-0196,PRD-013,1,69.91,69.91
ORD-00216,2025-10-09,CUS-0184,PRD-010,5,13.11,65.55
ORD-00909,2025-10-09,CUS-0192,PRD-025,1,88.05,88.05
ORD-00986,2025-10-09,CUS-0400,PRD-018,2,110.62,221.24
ORD-01225,2025-10-09,CUS-0293,PRD-015,1,57.87,57.87
ORD-01273,2025-10-09,CUS-0140,PRD-020,1,128.49,128.49
ORD-01380,2025-10-09,CUS-0253,PRD-020,4,128.49,513.96
ORD-01931,2025-10-09,CUS-0172,PRD-028,3,425.59,1276.77
ORD-00231,2025-10-10,CUS-0253,PRD-018,1,110.62,110.62
ORD-00399,2025-10-10,CUS-0146,PRD-004,2,28.11,56.22
ORD-00961,2025-10-10,CUS-0244,PRD-024,2,260.78,521.56
ORD-01657,2025-10-10,CUS-0199,PRD-001,6,19.27,115.62
ORD-01710,2025-10-10,CUS-0186,PRD-028,1,425.59,425.59
ORD-01819,2025-10-10,CUS-0298,PRD-012,8,94.32,754.56
ORD-00129,2025-10-11,CUS-0066,PRD-030,3,436.33,1308.99
ORD-01134,2025-10-11,CUS-0348,PRD-028,2,425.59,851.18
ORD-01230,2025-10-11,CUS-0026,PRD-027,2,408.78,817.56
ORD-01626,2025-10-11,CUS-0019,PRD-023,1,136.35,136.35
ORD-01631,2025-10-11,CUS-0068,PRD-010,3,13.11,39.33
ORD-01805,2025-10-11,CUS-0396,PRD-003,10,9.61,96.1
ORD-00295,2025-10-12,CUS-0210,PRD-019,5,51.1,255.5
ORD-00384,2025-10-12,CUS-0111,PRD-015,4,57.87,231.48
ORD-00401,2025-10-12,CUS-0010,PRD-011,3,154.66,463.98
ORD-00689,2025-10-12,CUS-0190,PRD-011,1,154.66,154.66
ORD-01367,2025-10-12,CUS-0124,PRD-004,2,28.11,56.22
ORD-01467,2025-10-12,CUS-0397,PRD-008,8,16.08,128.64
ORD-00053,2025-10-13,CUS-0362,PRD-036,3,10.53,31.59
ORD-00257,2025-10-13,CUS-0276,PRD-028,3,425.59,1276.77
ORD-00346,2025-10-13,CUS-0111,PRD-012,2,94.32,188.64
ORD-00567,2025-10-13,CUS-0157,PRD-011,3,154.66,463.98
ORD-00003,2025-10-14,CUS-0346,PRD-012,2,94.32,188.64
ORD-01062,2025-10-14,CUS-0248,PRD-006,1,24.5,24.5
ORD-01176,2025-10-14,CUS-0130,PRD-026,8,98.58,788.64
ORD-01297,2025-10-14,CUS-0002,PRD-017,1,69.39,69.39
ORD-01313,2025-10-14,CUS-0100,PRD-040,2,19.49,38.98
ORD-00529,2025-10-15,CUS-0017,PRD-037,3,55.4,166.2
ORD-00798,2025-10-15,CUS-0209,PRD-037,5,55.4,277.0
ORD-00911,2025-10-15,CUS-0109,PRD-019,2,51.1,102.2
ORD-00997,2025-10-15,CUS-0373,PRD-030,1,436.33,436.33
ORD-01970,2025-10-15,CUS-0092,PRD-035,1,26.07,26.07
ORD-00047,2025-10-16,CUS-0113,PRD-006,1,24.5,24.5
ORD-00849,2025-10-16,CUS-0056,PRD-032,1,70.79,70.79
ORD-01330,2025-10-16,CUS-0067,PRD-001,2,19.27,38.54
ORD-01624,2025-10-16,CUS-0329,PRD-027,3,408.78,1226.34
ORD-01715,2025-10-16,CUS-0379,PRD-022,3,334.91,1004.73
ORD-01788,2025-10-16,CUS-0140,PRD-025,1,88.05,88.05
ORD-01884,2025-10-16,CUS-0203,PRD-012,1,94.32,94.32
ORD-01949,2025-10-16,CUS-0363,PRD-030,1,436.33,436.33
ORD-00167,2025-10-17,CUS-0187,PRD-023,1,136.35,136.35
ORD-00247,2025-10-17,CUS-0375,PRD-017,10,69.39,693.9
ORD-01124,2025-10-17,CUS-0169,PRD-020,5,128.49,642.45
ORD-01823,2025-10-17,CUS-0091,PRD-007,1,10.68,10.68
ORD-00071,2025-10-18,CUS-0132,PRD-038,2,31.77,63.54
ORD-00810,2025-10-18,CUS-0057,PRD-017,2,69.39,138.78
ORD-00936,2025-10-18,CUS-0311,PRD-023,4,136.35,545.4
ORD-01226,2025-10-18,CUS-0303,PRD-026,1,98.58,98.58
ORD-01509,2025-10-18,CUS-0192,PRD-007,2,10.68,21.36
ORD-01601,2025-10-18,CUS-0387,PRD-037,3,55.4,166.2
ORD-00193,2025-10-19,CUS-0018,PRD-027,5,408.78,2043.9
ORD-00268,2025-10-19,CUS-0178,PRD-012,1,94.32,94.32
ORD-00625,2025-10-19,CUS-0093,PRD-028,3,425.59,1276.77
ORD-01758,2025-10-19,CUS-0146,PRD-012,1,94.32,94.32
ORD-01781,2025-10-19,CUS-0384,PRD-015,3,57.87,173.61
ORD-01870,2025-10-19,CUS-0067,PRD-031,1,16.59,16.59
ORD-01192,2025-10-20,CUS-0224,PRD-015,1,57.87,57.87
ORD-01493,2025-10-20,CUS-0330,PRD-001,6,19.27,115.62
ORD-01587,2025-10-20,CUS-0234,PRD-028,2,425.59,851.18
ORD-00680,2025-10-21,CUS-0072,PRD-028,1,425.59,425.59
ORD-00978,2025-10-21,CUS-0166,PRD-028,1,425.59,425.59
ORD-01583,2025-10-21,CUS-0344,PRD-029,1,106.8,106.8
ORD-01865,2025-10-21,CUS-0306,PRD-010,2,13.11,26.22
ORD-01993,2025-10-21,CUS-0079,PRD-012,3,94.32,282.96
ORD-00097,2025-10-22,CUS-0054,PRD-022,5,334.91,1674.55
ORD-00963,2025-10-22,CUS-0005,PRD-003,2,9.61,19.22
ORD-01840,2025-10-22,CUS-0172,PRD-024,4,260.78,1043.12
ORD-01033,2025-10-23,CUS-0221,PRD-040,2,19.49,38.98
ORD-01102,2025-10-23,CUS-0238,PRD-017,10,69.39,693.9
ORD-01242,2025-10-23,CUS-0264,PRD-017,3,69.39,208.17
ORD-01926,2025-10-23,CUS-0135,PRD-008,5,16.08,80.4
ORD-00027,2025-10-24,CUS-0248,PRD-024,4,260.78,1043.12
ORD-00490,2025-10-24,CUS-0375,PRD-028,4,425.59,1702.36
ORD-00515,2025-10-24,CUS-0043,PRD-028,5,425.59,2127.95
ORD-00819,2025-10-24,CUS-0378,PRD-029,4,106.8,427.2
ORD-01298,2025-10-24,CUS-0090,PRD-007,3,10.68,32.04
ORD-00126,2025-10-25,CUS-0300,PRD-012,2,94.32,188.64
ORD-00140,2025-10-25,CUS-0318,PRD-025,5,88.05,440.25
ORD-00284,2025-10-25,CUS-0113,PRD-028,10,425.59,4255.9
ORD-00458,2025-10-25,CUS-0208,PRD-038,4,31.77,127.08
ORD-00514,2025-10-25,CUS-0397,PRD-026,6,98.58,591.48
ORD-00728,2025-10-25,CUS-0251,PRD-008,1,16.08,16.08
ORD-01403,2025-10-26,CUS-0373,PRD-024,8,260.78,2086.24
ORD-01580,2025-10-26,CUS-0279,PRD-031,4,16.59,66.36
ORD-01738,2025-10-26,CUS-0337,PRD-023,1,136.35,136.35
ORD-01765,2025-10-26,CUS-0287,PRD-017,2,69.39,138.78
ORD-01950,2025-10-26,CUS-0168,PRD-014,1,164.13,164.13
ORD-00203,2025-10-27,CUS-0349,PRD-013,3,69.91,209.73
ORD-00352,2025-10-27,CUS-0141,PRD-001,2,19.27,38.54
ORD-01008,2025-10-27,CUS-0367,PRD-012,1,94.32,94.32
ORD-01564,2025-10-27,CUS-0381,PRD-029,1,106.8,106.8
ORD-00178,2025-10-28,CUS-0337,PRD-037,3,55.4,166.2
ORD-00568,2025-10-28,CUS-0092,PRD-033,10,10.51,105.1
ORD-00774,2025-10-28,CUS-0284,PRD-030,1,436.33,436.33
ORD-00945,2025-10-28,CUS-0279,PRD-006,1,24.5,24.5
ORD-01006,2025-10-28,CUS-0198,PRD-012,1,94.32,94.32
ORD-01138,2025-10-28,CUS-0296,PRD-004,3,28.11,84.33
ORD-01221,2025-10-28,CUS-0096,PRD-019,5,51.1,255.5
ORD-01619,2025-10-28,CUS-0107,PRD-012,3,94.32,282.96
ORD-01876,2025-10-28,CUS-0013,PRD-020,2,128.49,256.98
ORD-01977,2025-10-28,CUS-0185,PRD-008,1,16.08,16.08
ORD-00282,2025-10-29,CUS-0316,PRD-016,1,131.25,131.25
ORD-00508,2025-10-29,CUS-0069,PRD-008,1,16.08,16.08
ORD-00802,2025-10-29,CUS-0045,PRD-019,1,51.1,51.1
ORD-01345,2025-10-29,CUS-0148,PRD-012,3,94.32,282.96
ORD-00031,2025-10-30,CUS-0392,PRD-023,2,136.35,272.7
ORD-00309,2025-10-30,CUS-0031,PRD-031,2,16.59,33.18
ORD-00894,2025-10-30,CUS-0388,PRD-029,2,106.8,213.6
ORD-01445,2025-10-30,CUS-0088,PRD-023,1,136.35,136.35
ORD-01751,2025-10-30,CUS-0085,PRD-029,1,106.8,106.8
ORD-00647,2025-10-31,CUS-0373,PRD-020,1,128.49,128.49
ORD-00710,2025-10-31,CUS-0158,PRD-028,3,425.59,1276.77
ORD-00724,2025-10-31,CUS-0353,PRD-012,5,94.32,471.6
ORD-00890,2025-10-31,CUS-0288,PRD-024,1,260.78,260.78
ORD-00953,2025-10-31,CUS-0345,PRD-013,1,69.91,69.91
ORD-01365,2025-10-31,CUS-0222,PRD-003,2,9.61,19.22
ORD-01382,2025-10-31,CUS-0204,PRD-033,10,10.51,105.1
ORD-01723,2025-10-31,CUS-0351,PRD-024,2,260.78,521.56
ORD-00156,2025-11-01,CUS-0332,PRD-020,5,128.49,642.45
ORD-00388,2025-11-01,CUS-0166,PRD-018,4,110.62,442.48
ORD-00477,2025-11-01,CUS-0144,PRD-035,1,26.07,26.07
ORD-00924,2025-11-01,CUS-0058,PRD-029,5,106.8,534.0
ORD-00934,2025-11-01,CUS-0176,PRD-024,2,260.78,521.56
ORD-01205,2025-11-01,CUS-0202,PRD-020,3,128.49,385.47
ORD-01214,2025-11-01,CUS-0073,PRD-005,2,19.22,38.44
ORD-00460,2025-11-02,CUS-0060,PRD-038,2,31.77,63.54
ORD-00486,2025-11-02,CUS-0005,PRD-025,4,88.05,352.2
ORD-01275,2025-11-02,CUS-0396,PRD-012,4,94.32,377.28
ORD-01701,2025-11-02,CUS-0198,PRD-024,3,260.78,782.34
ORD-01943,2025-11-02,CUS-0363,PRD-037,4,55.4,221.6
ORD-00313,2025-11-03,CUS-0014,PRD-017,1,69.39,69.39
ORD-00626,2025-11-03,CUS-0333,PRD-014,1,164.13,164.13
ORD-00857,2025-11-03,CUS-0335,PRD-032,5,70.79,353.95
ORD-01023,2025-11-03,CUS-0249,PRD-035,4,26.07,104.28
ORD-01082,2025-11-03,CUS-0058,PRD-012,4,94.32,377.28
ORD-01310,2025-11-03,CUS-0261,PRD-011,1,154.66,154.66
ORD-01502,2025-11-03,CUS-0122,PRD-004,3,28.11,84.33
ORD-01514,2025-11-03,CUS-0087,PRD-033,8,10.51,84.08
ORD-00069,2025-11-04,CUS-0369,PRD-026,2,98.58,197.16
ORD-00197,2025-11-04,CUS-0217,PRD-012,5,94.32,471.6
ORD-00602,2025-11-04,CUS-0370,PRD-039,1,17.91,17.91
ORD-00678,2025-11-04,CUS-0364,PRD-036,2,10.53,21.06
ORD-00918,2025-11-04,CUS-0343,PRD-024,4,260.78,1043.12
ORD-01147,2025-11-04,CUS-0198,PRD-025,2,88.05,176.1
ORD-01207,2025-11-04,CUS-0166,PRD-031,1,16.59,16.59
ORD-01288,2025-11-04,CUS-0070,PRD-024,4,260.78,1043.12
ORD-01343,2025-11-04,CUS-0089,PRD-003,8,9.61,76.88
ORD-01360,2025-11-04,CUS-0137,PRD-024,1,260.78,260.78
ORD-01362,2025-11-04,CUS-0237,PRD-002,5,35.33,176.65
ORD-01428,2025-11-04,CUS-0121,PRD-017,5,69.39,346.95
ORD-01838,2025-11-04,CUS-0017,PRD-020,2,128.49,256.98
ORD-00868,2025-11-05,CUS-0036,PRD-009,3,10.5,31.5
ORD-00995,2025-11-05,CUS-0119,PRD-016,1,131.25,131.25
ORD-01222,2025-11-05,CUS-0400,PRD-003,2,9.61,19.22
ORD-01822,2025-11-05,CUS-0132,PRD-006,6,24.5,147.0
ORD-00253,2025-11-06,CUS-0294,PRD-033,2,10.51,21.02
ORD-01215,2025-11-06,CUS-0175,PRD-028,4,425.59,1702.36
ORD-00029,2025-11-07,CUS-0032,PRD-020,3,128.49,385.47
ORD-00144,2025-11-07,CUS-0374,PRD-025,2,88.05,176.1
ORD-00222,2025-11-07,CUS-0124,PRD-012,6,94.32,565.92
ORD-00657,2025-11-07,CUS-0155,PRD-032,3,70.79,212.37
ORD-00743,2025-11-07,CUS-0099,PRD-014,2,164.13,328.26
ORD-01463,2025-11-07,CUS-0104,PRD-032,4,70.79,283.16
ORD-00054,2025-11-08,CUS-0011,PRD-010,5,13.11,65.55
ORD-01101,2025-11-08,CUS-0347,PRD-012,2,94.32,188.64
ORD-01162,2025-11-08,CUS-0287,PRD-026,4,98.58,394.32
ORD-01323,2025-11-08,CUS-0005,PRD-012,1,94.32,94.32
ORD-01434,2025-11-08,CUS-0060,PRD-010,6,13.11,78.66
ORD-01537,2025-11-08,CUS-0324,PRD-029,1,106.8,106.8
ORD-01692,2025-11-08,CUS-0345,PRD-026,2,98.58,197.16
ORD-01760,2025-11-08,CUS-0179,PRD-010,4,13.11,52.44
ORD-01881,2025-11-08,CUS-0188,PRD-015,2,57.87,115.74
ORD-00194,2025-11-09,CUS-0301,PRD-012,1,94.32,94.32
ORD-01003,2025-11-09,CUS-0126,PRD-028,3,425.59,1276.77
ORD-01378,2025-11-09,CUS-0156,PRD-040,4,19.49,77.96
ORD-01647,2025-11-09,CUS-0308,PRD-024,6,260.78,1564.68
ORD-01687,2025-11-09,CUS-0036,PRD-017,3,69.39,208.17
ORD-00022,2025-11-10,CUS-0050,PRD-012,2,94.32,188.64
ORD-00329,2025-11-10,CUS-0394,PRD-002,2,35.33,70.66
ORD-00422,2025-11-10,CUS-0005,PRD-025,1,88.05,88.05
ORD-00576,2025-11-10,CUS-0066,PRD-011,2,154.66,309.32
ORD-01028,2025-11-10,CUS-0015,PRD-032,5,70.79,353.95
ORD-01289,2025-11-10,CUS-0002,PRD-034,1,45.84,45.84
ORD-01404,2025-11-10,CUS-0294,PRD-006,2,24.5,49.0
ORD-01686,2025-11-10,CUS-0307,PRD-013,2,69.91,139.82
ORD-01694,2025-11-10,CUS-0096,PRD-036,1,10.53,10.53
ORD-01775,2025-11-10,CUS-0100,PRD-031,3,16.59,49.77
ORD-01786,2025-11-10,CUS-0371,PRD-039,4,17.91,71.64
ORD-01912,2025-11-10,CUS-0193,PRD-020,1,128.49,128.49
ORD-01927,2025-11-10,CUS-0288,PRD-016,6,131.25,787.5
ORD-00004,2025-11-11,CUS-0242,PRD-012,1,94.32,94.32
ORD-00102,2025-11-11,CUS-0230,PRD-001,2,19.27,38.54
ORD-00214,2025-11-11,CUS-0092,PRD-029,1,106.8,106.8
ORD-00446,2025-11-11,CUS-0042,PRD-021,5,198.7,993.5
ORD-00533,2025-11-11,CUS-0345,PRD-016,1,131.25,131.25
ORD-00794,2025-11-11,CUS-0173,PRD-013,1,69.91,69.91
ORD-00862,2025-11-11,CUS-0157,PRD-028,1,425.59,425.59
ORD-01366,2025-11-11,CUS-0290,PRD-019,1,51.1,51.1
ORD-01877,2025-11-11,CUS-0303,PRD-012,2,94.32,188.64
ORD-01900,2025-11-11,CUS-0174,PRD-001,10,19.27,192.7
ORD-00088,2025-11-12,CUS-0326,PRD-014,2,164.13,328.26
ORD-00187,2025-11-12,CUS-0203,PRD-033,2,10.51,21.02
ORD-00275,2025-11-12,CUS-0153,PRD-014,2,164.13,328.26
ORD-00376,2025-11-12,CUS-0379,PRD-001,4,19.27,77.08
ORD-00404,2025-11-12,CUS-0166,PRD-025,5,88.05,440.25
ORD-00452,2025-11-12,CUS-0305,PRD-018,2,110.62,221.24
ORD-00569,2025-11-12,CUS-0399,PRD-020,2,128.49,256.98
ORD-01267,2025-11-12,CUS-0109,PRD-037,2,55.4,110.8
ORD-01427,2025-11-12,CUS-0004,PRD-027,1,408.78,408.78
ORD-01454,2025-11-12,CUS-0298,PRD-010,3,13.11,39.33
ORD-01614,2025-11-12,CUS-0287,PRD-028,1,425.59,425.59
ORD-01998,2025-11-12,CUS-0004,PRD-012,1,94.32,94.32
ORD-00180,2025-11-13,CUS-0044,PRD-015,2,57.87,115.74
ORD-00251,2025-11-13,CUS-0039,PRD-006,2,24.5,49.0
ORD-00566,2025-11-13,CUS-0037,PRD-005,1,19.22,19.22
ORD-00914,2025-11-13,CUS-0171,PRD-025,6,88.05,528.3
ORD-01335,2025-11-13,CUS-0397,PRD-020,1,128.49,128.49
ORD-01473,2025-11-13,CUS-0251,PRD-003,5,9.61,48.05
ORD-01548,2025-11-13,CUS-0326,PRD-012,2,94.32,188.64
ORD-01660,2025-11-13,CUS-0390,PRD-028,2,425.59,851.18
ORD-01837,2025-11-13,CUS-0065,PRD-028,1,425.59,425.59
ORD-01899,2025-11-13,CUS-0100,PRD-035,3,26.07,78.21
ORD-00437,2025-11-14,CUS-0090,PRD-024,1,260.78,260.78
ORD-00923,2025-11-14,CUS-0263,PRD-028,5,425.59,2127.95
ORD-00964,2025-11-14,CUS-0132,PRD-025,3,88.05,264.15
ORD-01049,2025-11-14,CUS-0140,PRD-012,3,94.32,282.96
ORD-01064,2025-11-14,CUS-0011,PRD-026,3,98.58,295.74
ORD-01599,2025-11-14,CUS-0241,PRD-028,2,425.59,851.18
ORD-01668,2025-11-14,CUS-0071,PRD-003,1,9.61,9.61
ORD-00228,2025-11-15,CUS-0036,PRD-006,3,24.5,73.5
ORD-00469,2025-11-15,CUS-0337,PRD-008,6,16.08,96.48
ORD-01346,2025-11-15,CUS-0213,PRD-012,8,94.32,754.56
ORD-01659,2025-11-15,CUS-0217,PRD-029,2,106.8,213.6
ORD-01699,2025-11-15,CUS-0165,PRD-009,3,10.5,31.5
ORD-01866,2025-11-15,CUS-0050,PRD-023,1,136.35,136.35
ORD-00002,2025-11-16,CUS-0228,PRD-012,1,94.32,94.32
ORD-00494,2025-11-16,CUS-0380,PRD-019,1,51.1,51.1
ORD-01533,2025-11-16,CUS-0032,PRD-026,3,98.58,295.74
ORD-01801,2025-11-16,CUS-0151,PRD-010,1,13.11,13.11
ORD-00014,2025-11-17,CUS-0234,PRD-015,4,57.87,231.48
ORD-00286,2025-11-17,CUS-0197,PRD-032,3,70.79,212.37
ORD-00467,2025-11-17,CUS-0390,PRD-018,2,110.62,221.24
ORD-00738,2025-11-17,CUS-0396,PRD-002,1,35.33,35.33
ORD-00786,2025-11-17,CUS-0324,PRD-029,1,106.8,106.8
ORD-01220,2025-11-17,CUS-0355,PRD-017,3,69.39,208.17
ORD-01567,2025-11-17,CUS-0203,PRD-027,2,408.78,817.56
ORD-01605,2025-11-17,CUS-0324,PRD-008,5,16.08,80.4
ORD-00238,2025-11-18,CUS-0144,PRD-020,4,128.49,513.96
ORD-00332,2025-11-18,CUS-0037,PRD-033,1,10.51,10.51
ORD-00614,2025-11-18,CUS-0375,PRD-017,6,69.39,416.34
ORD-00954,2025-11-18,CUS-0058,PRD-019,2,51.1,102.2
ORD-00968,2025-11-18,CUS-0122,PRD-003,5,9.61,48.05
ORD-01247,2025-11-18,CUS-0326,PRD-020,3,128.49,385.47
ORD-01951,2025-11-18,CUS-0088,PRD-006,1,24.5,24.5
ORD-00559,2025-11-19,CUS-0173,PRD-028,3,425.59,1276.77
ORD-00654,2025-11-19,CUS-0098,PRD-016,1,131.25,131.25
ORD-00801,2025-11-19,CUS-0394,PRD-017,4,69.39,277.56
ORD-01044,2025-11-19,CUS-0250,PRD-022,1,334.91,334.91
ORD-01088,2025-11-19,CUS-0066,PRD-007,2,10.68,21.36
ORD-01150,2025-11-19,CUS-0177,PRD-035,2,26.07,52.14
ORD-01677,2025-11-19,CUS-0105,PRD-009,2,10.5,21.0
ORD-01862,2025-11-19,CUS-0246,PRD-012,4,94.32,377.28
ORD-01891,2025-11-19,CUS-0309,PRD-032,2,70.79,141.58
ORD-01896,2025-11-19,CUS-0163,PRD-005,1,19.22,19.22
ORD-01995,2025-11-19,CUS-0158,PRD-020,2,128.49,256.98
ORD-00161,2025-11-20,CUS-0064,PRD-032,2,70.79,141.58
ORD-00185,2025-11-20,CUS-0223,PRD-004,2,28.11,56.22
ORD-00278,2025-11-20,CUS-0240,PRD-009,4,10.5,42.0
ORD-00781,2025-11-20,CUS-0370,PRD-024,3,260.78,782.34
ORD-01190,2025-11-20,CUS-0297,PRD-029,3,106.8,320.4
ORD-01218,2025-11-20,CUS-0269,PRD-016,5,131.25,656.25
ORD-01325,2025-11-20,CUS-0268,PRD-004,4,28.11,112.44
ORD-01553,2025-11-20,CUS-0344,PRD-026,4,98.58,394.32
ORD-01713,2025-11-20,CUS-0284,PRD-008,5,16.08,80.4
ORD-01851,2025-11-20,CUS-0384,PRD-020,3,128.49,385.47
ORD-01990,2025-11-20,CUS-0177,PRD-012,1,94.32,94.32
ORD-00189,2025-11-21,CUS-0367,PRD-016,4,131.25,525.0
ORD-00358,2025-11-21,CUS-0365,PRD-012,4,94.32,377.28
ORD-00641,2025-11-21,CUS-0308,PRD-011,2,154.66,309.32
ORD-00755,2025-11-21,CUS-0167,PRD-024,5,260.78,1303.9
ORD-01632,2025-11-21,CUS-0203,PRD-029,3,106.8,320.4
ORD-01874,2025-11-21,CUS-0024,PRD-001,2,19.27,38.54
ORD-01930,2025-11-21,CUS-0214,PRD-017,6,69.39,416.34
ORD-00159,2025-11-22,CUS-0071,PRD-012,1,94.32,94.32
ORD-00207,2025-11-22,CUS-0035,PRD-003,6,9.61,57.66
ORD-00336,2025-11-22,CUS-0069,PRD-010,1,13.11,13.11
ORD-00867,2025-11-22,CUS-0198,PRD-032,10,70.79,707.9
ORD-01039,2025-11-22,CUS-0135,PRD-008,5,16.08,80.4
ORD-01917,2025-11-22,CUS-0314,PRD-011,2,154.66,309.32
ORD-00748,2025-11-23,CUS-0308,PRD-038,2,31.77,63.54
ORD-01077,2025-11-23,CUS-0257,PRD-039,5,17.91,89.55
ORD-01113,2025-11-23,CUS-0157,PRD-028,1,425.59,425.59
ORD-01438,2025-11-23,CUS-0258,PRD-025,3,88.05,264.15
ORD-00076,2025-11-24,CUS-0128,PRD-036,5,10.53,52.65
ORD-00175,2025-11-24,CUS-0285,PRD-015,4,57.87,231.48
ORD-01246,2025-11-24,CUS-0381,PRD-027,4,408.78,1635.12
ORD-01371,2025-11-24,CUS-0108,PRD-020,1,128.49,128.49
ORD-01921,2025-11-24,CUS-0088,PRD-012,1,94.32,94.32
ORD-00347,2025-11-25,CUS-0168,PRD-030,2,436.33,872.66
ORD-00634,2025-11-25,CUS-0322,PRD-023,2,136.35,272.7
ORD-00653,2025-11-25,CUS-0276,PRD-014,2,164.13,328.26
ORD-00705,2025-11-25,CUS-0294,PRD-035,5,26.07,130.35
ORD-01413,2025-11-25,CUS-0130,PRD-040,1,19.49,19.49
ORD-00369,2025-11-26,CUS-0146,PRD-012,4,94.32,377.28
ORD-00392,2025-11-26,CUS-0295,PRD-024,1,260.78,260.78
ORD-00727,2025-11-26,CUS-0220,PRD-006,1,24.5,24.5
ORD-01140,2025-11-26,CUS-0234,PRD-013,1,69.91,69.91
ORD-01144,2025-11-26,CUS-0397,PRD-031,1,16.59,16.59
ORD-01167,2025-11-26,CUS-0356,PRD-012,6,94.32,565.92
ORD-01284,2025-11-26,CUS-0194,PRD-015,2,57.87,115.74
ORD-01562,2025-11-26,CUS-0136,PRD-028,1,425.59,425.59
ORD-00461,2025-11-27,CUS-0125,PRD-032,10,70.79,707.9
ORD-01905,2025-11-27,CUS-0170,PRD-012,2,94.32,188.64
ORD-00291,2025-11-28,CUS-0218,PRD-026,5,98.58,492.9
ORD-00350,2025-11-28,CUS-0100,PRD-040,1,19.49,19.49
ORD-00548,2025-11-28,CUS-0249,PRD-013,1,69.91,69.91
ORD-00701,2025-11-28,CUS-0038,PRD-038,2,31.77,63.54
ORD-00737,2025-11-28,CUS-0389,PRD-003,1,9.61,9.61
ORD-00793,2025-11-28,CUS-0119,PRD-019,6,51.1,306.6
ORD-01216,2025-11-28,CUS-0273,PRD-012,1,94.32,94.32
ORD-00232,2025-11-29,CUS-0366,PRD-003,4,9.61,38.44
ORD-00436,2025-11-29,CUS-0022,PRD-028,6,425.59,2553.54
ORD-01070,2025-11-29,CUS-0360,PRD-012,5,94.32,471.6
ORD-01165,2025-11-29,CUS-0017,PRD-030,1,436.33,436.33
ORD-01240,2025-11-29,CUS-0340,PRD-019,8,51.1,408.8
ORD-01402,2025-11-29,CUS-0084,PRD-003,1,9.61,9.61
ORD-01695,2025-11-29,CUS-0021,PRD-035,3,26.07,78.21
ORD-00677,2025-11-30,CUS-0085,PRD-003,3,9.61,28.83
ORD-01600,2025-11-30,CUS-0055,PRD-017,10,69.39,693.9
ORD-01656,2025-11-30,CUS-0292,PRD-031,5,16.59,82.95
ORD-01852,2025-11-30,CUS-0277,PRD-035,6,26.07,156.42
ORD-00343,2025-12-01,CUS-0071,PRD-011,2,154.66,309.32
ORD-00466,2025-12-01,CUS-0126,PRD-012,4,94.32,377.28
ORD-00522,2025-12-01,CUS-0351,PRD-008,3,16.08,48.24
ORD-00534,2025-12-01,CUS-0279,PRD-028,4,425.59,1702.36
ORD-00734,2025-12-01,CUS-0251,PRD-009,4,10.5,42.0
ORD-00967,2025-12-01,CUS-0273,PRD-020,2,128.49,256.98
ORD-01612,2025-12-01,CUS-0074,PRD-003,5,9.61,48.05
ORD-01747,2025-12-01,CUS-0129,PRD-025,2,88.05,176.1
ORD-01887,2025-12-01,CUS-0330,PRD-015,1,57.87,57.87
ORD-00007,2025-12-02,CUS-0071,PRD-019,4,51.1,204.4
ORD-00008,2025-12-02,CUS-0114,PRD-010,1,13.11,13.11
ORD-00100,2025-12-02,CUS-0156,PRD-012,3,94.32,282.96
ORD-00192,2025-12-02,CUS-0261,PRD-024,3,260.78,782.34
ORD-00261,2025-12-02,CUS-0232,PRD-020,1,128.49,128.49
ORD-00479,2025-12-02,CUS-0044,PRD-008,3,16.08,48.24
ORD-00692,2025-12-02,CUS-0021,PRD-032,3,70.79,212.37
ORD-01026,2025-12-02,CUS-0275,PRD-004,1,28.11,28.11
ORD-01244,2025-12-02,CUS-0184,PRD-040,2,19.49,38.98
ORD-01337,2025-12-02,CUS-0042,PRD-012,8,94.32,754.56
ORD-01477,2025-12-02,CUS-0074,PRD-025,1,88.05,88.05
ORD-01560,2025-12-02,CUS-0346,PRD-020,1,128.49,128.49
ORD-01679,2025-12-02,CUS-0259,PRD-040,1,19.49,19.49
ORD-01793,2025-12-02,CUS-0185,PRD-029,2,106.8,213.6
ORD-00039,2025-12-03,CUS-0399,PRD-007,1,10.68,10.68
ORD-00096,2025-12-03,CUS-0009,PRD-010,2,13.11,26.22
ORD-00360,2025-12-03,CUS-0318,PRD-010,1,13.11,13.11
ORD-00536,2025-12-03,CUS-0184,PRD-003,6,9.61,57.66
ORD-00585,2025-12-03,CUS-0005,PRD-020,1,128.49,128.49
ORD-00682,2025-12-03,CUS-0214,PRD-006,6,24.5,147.0
ORD-00866,2025-12-03,CUS-0204,PRD-001,4,19.27,77.08
ORD-01575,2025-12-03,CUS-0364,PRD-001,1,19.27,19.27
ORD-00179,2025-12-04,CUS-0218,PRD-012,3,94.32,282.96
ORD-00491,2025-12-04,CUS-0175,PRD-006,2,24.5,49.0
ORD-00564,2025-12-04,CUS-0137,PRD-034,1,45.84,45.84
ORD-00597,2025-12-04,CUS-0363,PRD-013,3,69.91,209.73
ORD-00697,2025-12-04,CUS-0296,PRD-011,8,154.66,1237.28
ORD-01157,2025-12-04,CUS-0375,PRD-030,2,436.33,872.66
ORD-01280,2025-12-04,CUS-0083,PRD-012,2,94.32,188.64
ORD-01478,2025-12-04,CUS-0134,PRD-012,3,94.32,282.96
ORD-01720,2025-12-04,CUS-0400,PRD-003,1,9.61,9.61
ORD-01767,2025-12-04,CUS-0298,PRD-012,1,94.32,94.32
ORD-00410,2025-12-05,CUS-0223,PRD-018,2,110.62,221.24
ORD-00718,2025-12-05,CUS-0287,PRD-007,3,10.68,32.04
ORD-01324,2025-12-05,CUS-0307,PRD-009,2,10.5,21.0
ORD-01693,2025-12-05,CUS-0104,PRD-008,1,16.08,16.08
ORD-00084,2025-12-06,CUS-0354,PRD-017,3,69.39,208.17
ORD-00616,2025-12-06,CUS-0034,PRD-034,4,45.84,183.36
ORD-01019,2025-12-06,CUS-0136,PRD-028,10,425.59,4255.9
ORD-01163,2025-12-06,CUS-0362,PRD-012,1,94.32,94.32
ORD-01361,2025-12-06,CUS-0039,PRD-027,1,408.78,408.78
ORD-01625,2025-12-06,CUS-0128,PRD-015,1,57.87,57.87
ORD-01678,2025-12-06,CUS-0054,PRD-024,2,260.78,521.56
ORD-01777,2025-12-06,CUS-0029,PRD-011,2,154.66,309.32
ORD-00279,2025-12-07,CUS-0199,PRD-011,5,154.66,773.3
ORD-00288,2025-12-07,CUS-0353,PRD-010,2,13.11,26.22
ORD-00600,2025-12-07,CUS-0280,PRD-029,3,106.8,320.4
ORD-01285,2025-12-07,CUS-0102,PRD-019,3,51.1,153.3
ORD-01516,2025-12-07,CUS-0362,PRD-019,2,51.1,102.2
ORD-01773,2025-12-07,CUS-0388,PRD-024,1,260.78,260.78
ORD-01913,2025-12-07,CUS-0123,PRD-028,5,425.59,2127.95
ORD-00067,2025-12-08,CUS-0013,PRD-008,1,16.08,16.08
ORD-00956,2025-12-08,CUS-0334,PRD-037,4,55.4,221.6
ORD-01009,2025-12-08,CUS-0300,PRD-024,8,260.78,2086.24
ORD-01256,2025-12-08,CUS-0386,PRD-011,10,154.66,1546.6
ORD-01395,2025-12-08,CUS-0210,PRD-002,2,35.33,70.66
ORD-01522,2025-12-08,CUS-0171,PRD-020,1,128.49,128.49
ORD-01924,2025-12-08,CUS-0134,PRD-017,2,69.39,138.78
ORD-01983,2025-12-08,CUS-0222,PRD-030,3,436.33,1308.99
ORD-00041,2025-12-09,CUS-0372,PRD-023,4,136.35,545.4
ORD-00122,2025-12-09,CUS-0159,PRD-036,5,10.53,52.65
ORD-01145,2025-12-09,CUS-0350,PRD-004,1,28.11,28.11
ORD-01451,2025-12-09,CUS-0131,PRD-019,3,51.1,153.3
ORD-01461,2025-12-09,CUS-0374,PRD-015,3,57.87,173.61
ORD-01933,2025-12-09,CUS-0076,PRD-037,2,55.4,110.8
ORD-00070,2025-12-10,CUS-0248,PRD-034,3,45.84,137.52
ORD-00087,2025-12-10,CUS-0308,PRD-009,4,10.5,42.0
ORD-00255,2025-12-10,CUS-0221,PRD-040,1,19.49,19.49
ORD-00287,2025-12-10,CUS-0259,PRD-034,2,45.84,91.68
ORD-00403,2025-12-10,CUS-0312,PRD-015,1,57.87,57.87
ORD-00556,2025-12-10,CUS-0330,PRD-028,1,425.59,425.59
ORD-01393,2025-12-10,CUS-0291,PRD-012,3,94.32,282.96
ORD-01607,2025-12-10,CUS-0364,PRD-010,5,13.11,65.55
ORD-00771,2025-12-11,CUS-0110,PRD-017,3,69.39,208.17
ORD-00929,2025-12-11,CUS-0210,PRD-027,6,408.78,2452.68
ORD-01843,2025-12-11,CUS-0306,PRD-012,2,94.32,188.64
ORD-01916,2025-12-11,CUS-0182,PRD-028,3,425.59,1276.77
ORD-00249,2025-12-12,CUS-0248,PRD-036,3,10.53,31.59
ORD-00665,2025-12-12,CUS-0048,PRD-034,8,45.84,366.72
ORD-00851,2025-12-12,CUS-0270,PRD-010,2,13.11,26.22
ORD-00285,2025-12-13,CUS-0349,PRD-012,8,94.32,754.56
ORD-00497,2025-12-13,CUS-0066,PRD-040,1,19.49,19.49
ORD-00578,2025-12-13,CUS-0291,PRD-025,3,88.05,264.15
ORD-00769,2025-12-13,CUS-0146,PRD-012,2,94.32,188.64
ORD-01094,2025-12-13,CUS-0129,PRD-040,2,19.49,38.98
ORD-01373,2025-12-13,CUS-0034,PRD-003,2,9.61,19.22
ORD-01589,2025-12-13,CUS-0122,PRD-013,2,69.91,139.82
ORD-01772,2025-12-13,CUS-0177,PRD-006,1,24.5,24.5
ORD-01848,2025-12-13,CUS-0256,PRD-035,1,26.07,26.07
ORD-01934,2025-12-13,CUS-0170,PRD-019,3,51.1,153.3
ORD-00312,2025-12-14,CUS-0296,PRD-026,2,98.58,197.16
ORD-00321,2025-12-14,CUS-0383,PRD-012,2,94.32,188.64
ORD-01195,2025-12-14,CUS-0254,PRD-012,2,94.32,188.64
ORD-01370,2025-12-14,CUS-0343,PRD-022,1,334.91,334.91
ORD-01372,2025-12-14,CUS-0333,PRD-015,1,57.87,57.87
ORD-01471,2025-12-14,CUS-0164,PRD-035,5,26.07,130.35
ORD-01485,2025-12-14,CUS-0209,PRD-027,4,408.78,1635.12
ORD-01789,2025-12-14,CUS-0370,PRD-030,3,436.33,1308.99
ORD-01850,2025-12-14,CUS-0379,PRD-035,5,26.07,130.35
ORD-01947,2025-12-14,CUS-0307,PRD-008,4,16.08,64.32
ORD-00028,2025-12-15,CUS-0042,PRD-037,2,55.4,110.8
ORD-00726,2025-12-15,CUS-0181,PRD-012,1,94.32,94.32
ORD-00777,2025-12-15,CUS-0331,PRD-011,2,154.66,309.32
ORD-00893,2025-12-15,CUS-0362,PRD-035,1,26.07,26.07
ORD-00947,2025-12-15,CUS-0395,PRD-020,1,128.49,128.49
ORD-01103,2025-12-15,CUS-0393,PRD-012,1,94.32,94.32
ORD-01383,2025-12-15,CUS-0011,PRD-012,3,94.32,282.96
ORD-01593,2025-12-15,CUS-0131,PRD-001,10,19.27,192.7
ORD-01633,2025-12-15,CUS-0130,PRD-035,5,26.07,130.35
ORD-01946,2025-12-15,CUS-0331,PRD-012,1,94.32,94.32
ORD-00124,2025-12-16,CUS-0391,PRD-019,2,51.1,102.2
ORD-00196,2025-12-16,CUS-0352,PRD-012,8,94.32,754.56
ORD-00243,2025-12-16,CUS-0098,PRD-007,1,10.68,10.68
ORD-00489,2025-12-16,CUS-0369,PRD-029,4,106.8,427.2
ORD-00704,2025-12-16,CUS-0305,PRD-028,3,425.59,1276.77
ORD-00797,2025-12-16,CUS-0002,PRD-014,1,164.13,164.13
ORD-01072,2025-12-16,CUS-0396,PRD-006,3,24.5,73.5
ORD-01316,2025-12-16,CUS-0269,PRD-019,1,51.1,51.1
ORD-01319,2025-12-16,CUS-0383,PRD-008,2,16.08,32.16
ORD-01597,2025-12-16,CUS-0213,PRD-024,8,260.78,2086.24
ORD-00218,2025-12-17,CUS-0177,PRD-014,3,164.13,492.39
ORD-00308,2025-12-17,CUS-0164,PRD-037,2,55.4,110.8
ORD-01105,2025-12-17,CUS-0018,PRD-039,2,17.91,35.82
ORD-01120,2025-12-17,CUS-0029,PRD-010,5,13.11,65.55
ORD-01759,2025-12-17,CUS-0034,PRD-010,2,13.11,26.22
ORD-00139,2025-12-18,CUS-0085,PRD-004,1,28.11,28.11
ORD-00570,2025-12-18,CUS-0132,PRD-026,1,98.58,98.58
ORD-00941,2025-12-18,CUS-0393,PRD-020,2,128.49,256.98
ORD-00994,2025-12-18,CUS-0366,PRD-012,3,94.32,282.96
ORD-01142,2025-12-18,CUS-0081,PRD-019,4,51.1,204.4
ORD-01709,2025-12-18,CUS-0234,PRD-028,3,425.59,1276.77
ORD-00051,2025-12-19,CUS-0144,PRD-012,1,94.32,94.32
ORD-00694,2025-12-19,CUS-0242,PRD-008,6,16.08,96.48
ORD-00874,2025-12-19,CUS-0187,PRD-009,2,10.5,21.0
ORD-01291,2025-12-19,CUS-0360,PRD-027,1,408.78,408.78
ORD-01318,2025-12-19,CUS-0297,PRD-005,10,19.22,192.2
ORD-01460,2025-12-19,CUS-0177,PRD-022,3,334.91,1004.73
ORD-01753,2025-12-19,CUS-0200,PRD-008,3,16.08,48.24
ORD-01878,2025-12-19,CUS-0183,PRD-028,2,425.59,851.18
ORD-01981,2025-12-19,CUS-0009,PRD-004,3,28.11,84.33
ORD-00118,2025-12-20,CUS-0385,PRD-003,1,9.61,9.61
ORD-00133,2025-12-20,CUS-0250,PRD-030,1,436.33,436.33
ORD-00676,2025-12-20,CUS-0346,PRD-010,3,13.11,39.33
ORD-01139,2025-12-20,CUS-0049,PRD-013,3,69.91,209.73
ORD-01198,2025-12-20,CUS-0316,PRD-036,1,10.53,10.53
ORD-01353,2025-12-20,CUS-0121,PRD-035,6,26.07,156.42
ORD-01387,2025-12-20,CUS-0016,PRD-024,2,260.78,521.56
ORD-01586,2025-12-20,CUS-0382,PRD-025,3,88.05,264.15
ORD-01603,2025-12-20,CUS-0021,PRD-019,1,51.1,51.1
ORD-01769,2025-12-20,CUS-0195,PRD-033,1,10.51,10.51
ORD-01875,2025-12-20,CUS-0211,PRD-032,8,70.79,566.32
ORD-01937,2025-12-20,CUS-0353,PRD-027,4,408.78,1635.12
ORD-00451,2025-12-21,CUS-0371,PRD-027,3,408.78,1226.34
ORD-01496,2025-12-21,CUS-0028,PRD-012,2,94.32,188.64
ORD-01507,2025-12-21,CUS-0096,PRD-040,3,19.49,58.47
ORD-01780,2025-12-21,CUS-0181,PRD-018,4,110.62,442.48
ORD-01960,2025-12-21,CUS-0031,PRD-035,2,26.07,52.14
ORD-00017,2025-12-22,CUS-0055,PRD-016,2,131.25,262.5
ORD-00353,2025-12-22,CUS-0124,PRD-012,1,94.32,94.32
ORD-00708,2025-12-22,CUS-0007,PRD-004,5,28.11,140.55
ORD-00709,2025-12-22,CUS-0175,PRD-032,2,70.79,141.58
ORD-00711,2025-12-22,CUS-0380,PRD-001,8,19.27,154.16
ORD-00773,2025-12-22,CUS-0004,PRD-009,4,10.5,42.0
ORD-01024,2025-12-22,CUS-0263,PRD-028,1,425.59,425.59
ORD-01303,2025-12-22,CUS-0312,PRD-011,1,154.66,154.66
ORD-01334,2025-12-22,CUS-0327,PRD-003,3,9.61,28.83
ORD-01368,2025-12-22,CUS-0363,PRD-036,1,10.53,10.53
ORD-01706,2025-12-22,CUS-0065,PRD-025,2,88.05,176.1
ORD-01846,2025-12-22,CUS-0398,PRD-017,5,69.39,346.95
ORD-00073,2025-12-23,CUS-0247,PRD-036,1,10.53,10.53
ORD-00535,2025-12-23,CUS-0018,PRD-025,1,88.05,88.05
ORD-01339,2025-12-23,CUS-0056,PRD-023,3,136.35,409.05
ORD-00633,2025-12-24,CUS-0307,PRD-025,2,88.05,176.1
ORD-00700,2025-12-24,CUS-0180,PRD-011,1,154.66,154.66
ORD-00722,2025-12-24,CUS-0278,PRD-017,1,69.39,69.39
ORD-00811,2025-12-24,CUS-0283,PRD-003,10,9.61,96.1
ORD-01042,2025-12-24,CUS-0165,PRD-003,6,9.61,57.66
ORD-01051,2025-12-24,CUS-0076,PRD-012,1,94.32,94.32
ORD-01294,2025-12-24,CUS-0001,PRD-014,10,164.13,1641.3
ORD-01622,2025-12-24,CUS-0399,PRD-026,2,98.58,197.16
ORD-00025,2025-12-25,CUS-0123,PRD-012,3,94.32,282.96
ORD-00517,2025-12-25,CUS-0301,PRD-008,3,16.08,48.24
ORD-00829,2025-12-25,CUS-0218,PRD-024,1,260.78,260.78
ORD-01073,2025-12-25,CUS-0234,PRD-017,2,69.39,138.78
ORD-01417,2025-12-25,CUS-0149,PRD-012,2,94.32,188.64
ORD-01871,2025-12-25,CUS-0387,PRD-032,3,70.79,212.37
ORD-00270,2025-12-26,CUS-0235,PRD-012,1,94.32,94.32
ORD-00334,2025-12-26,CUS-0141,PRD-015,10,57.87,578.7
ORD-00714,2025-12-26,CUS-0363,PRD-035,1,26.07,26.07
ORD-00884,2025-12-26,CUS-0101,PRD-026,1,98.58,98.58
ORD-01112,2025-12-26,CUS-0235,PRD-020,3,128.49,385.47
ORD-01143,2025-12-26,CUS-0348,PRD-035,1,26.07,26.07
ORD-01278,2025-12-26,CUS-0271,PRD-012,6,94.32,565.92
ORD-01340,2025-12-26,CUS-0235,PRD-011,5,154.66,773.3
ORD-01468,2025-12-26,CUS-0382,PRD-014,2,164.13,328.26
ORD-01469,2025-12-26,CUS-0333,PRD-011,5,154.66,773.3
ORD-01484,2025-12-26,CUS-0221,PRD-032,1,70.79,70.79
ORD-01505,2025-12-26,CUS-0229,PRD-029,1,106.8,106.8
ORD-00770,2025-12-27,CUS-0174,PRD-035,3,26.07,78.21
ORD-01041,2025-12-27,CUS-0325,PRD-008,2,16.08,32.16
ORD-01046,2025-12-27,CUS-0255,PRD-036,3,10.53,31.59
ORD-01598,2025-12-27,CUS-0088,PRD-018,3,110.62,331.86
ORD-00799,2025-12-28,CUS-0112,PRD-006,1,24.5,24.5
ORD-00951,2025-12-28,CUS-0359,PRD-022,1,334.91,334.91
ORD-01096,2025-12-28,CUS-0035,PRD-023,1,136.35,136.35
ORD-01160,2025-12-28,CUS-0398,PRD-010,2,13.11,26.22
ORD-01342,2025-12-28,CUS-0129,PRD-023,5,136.35,681.75
ORD-00475,2025-12-29,CUS-0258,PRD-034,1,45.84,45.84
ORD-00621,2025-12-29,CUS-0227,PRD-012,5,94.32,471.6
ORD-00640,2025-12-29,CUS-0134,PRD-012,4,94.32,377.28
ORD-00698,2025-12-29,CUS-0031,PRD-029,6,106.8,640.8
ORD-01126,2025-12-29,CUS-0044,PRD-017,1,69.39,69.39
ORD-01573,2025-12-29,CUS-0272,PRD-003,5,9.61,48.05
ORD-01638,2025-12-29,CUS-0304,PRD-034,5,45.84,229.2
ORD-01833,2025-12-29,CUS-0352,PRD-004,10,28.11,281.1
ORD-00354,2025-12-30,CUS-0380,PRD-003,2,9.61,19.22
ORD-01197,2025-12-30,CUS-0386,PRD-019,5,51.1,255.5
ORD-01292,2025-12-30,CUS-0127,PRD-012,3,94.32,282.96
ORD-01728,2025-12-30,CUS-0092,PRD-020,3,128.49,385.47
ORD-01908,2025-12-30,CUS-0306,PRD-020,2,128.49,256.98
ORD-01997,2025-12-30,CUS-0030,PRD-024,5,260.78,1303.9
ORD-00921,2025-12-31,CUS-0312,PRD-039,1,17.91,17.91
ORD-01030,2025-12-31,CUS-0131,PRD-008,4,16.08,64.32
ORD-01061,2025-12-31,CUS-0101,PRD-017,2,69.39,138.78
ORD-01384,2025-12-31,CUS-0042,PRD-024,10,260.78,2607.8
ORD-01841,2025-12-31,CUS-0045,PRD-028,3,425.59,1276.77
